"id","brand_name","model_name","os","popularity","best_price","lowest_price","highest_price","sellers_amount","screen_size","memory_size","battery_size","release_date"
0,"ALCATEL","1 1/8GB Bluish Black (5033D-2JALUAA)","Android",422,1690,1529,1819,36,5,8,2000,"10-2020"
1,"ALCATEL","1 5033D 1/16GB Volcano Black (5033D-2LALUAF)","Android",323,1803,1659,2489,36,5,16,2000,"9-2020"
2,"ALCATEL","1 5033D 1/16GB Volcano Black (5033D-2LALUAF)","Android",299,1803,1659,2489,36,5,16,2000,"9-2020"
3,"ALCATEL","1 5033D 1/16GB Volcano Black (5033D-2LALUAF)","Android",287,1803,1659,2489,36,5,16,2000,"9-2020"
4,"Honor","10 6/64GB Black","Android",71,10865,10631,11099,2,5.8,64,3400,"6-2018"
5,"Honor","10 Lite 4/64GB Black","Android",134,4973,4733,5295,6,6.21,64,3400,"1-2019"
6,"Honor","10 lite 3/128GB Blue","Android",477,5100,4990,5222,3,6.21,128,3400,"1-2021"
7,"Honor","10 lite 3/64GB Black","Android",215,4948,4646,5372,8,6.21,64,3400,"12-2018"
8,"Honor","10 lite 3/64GB Black","Android",179,4948,4646,5372,8,6.21,64,3400,"12-2018"
9,"Honor","10 lite 3/64GB Blue","Android",437,5165,4897,5559,7,6.21,64,3400,"12-2018"
10,"Meizu","15 4/64GB Black","Android",166,5272,4970,5448,3,5.45,64,3000,"5-2018"
11,"Meizu","15 4/64GB Black","Android",125,5272,4970,5448,3,5.45,64,3000,"5-2018"
12,"Meizu","15 4/64GB Black","Android",116,5272,4970,5448,3,5.45,64,3000,"5-2018"
13,"Meizu","16 6/128GB Black","Android",1111,5926,5290,6526,11,6,128,3100,"11-2018"
14,"Meizu","16 6/64GB Black","Android",1144,5231,4599,5759,19,6,64,3100,"11-2018"
15,"Meizu","16X 6/128GB Dual Purple","Android",663,5649,5599,5699,2,6,128,3100,"3-2020"
16,"Meizu","16Xs 6/128GB Pearl White","Android",900,7229,6840,7786,11,6.2,128,4000,"11-2020"
17,"Meizu","16th 6/64GB Black","Android",1063,7776,7049,8196,9,6,64,3010,"9-2018"
18,"ALCATEL","1B 5002H Prime Black (5002H-2AALUA12)","Android",616,2408,2168,3185,31,5.5,16,3000,"9-2020"
19,"ALCATEL","1SE 3/32GB Power Gray (5030D-2AALUA2)","Android",629,3249,2889,3299,38,6.22,32,4000,"10-2020"
20,"ALCATEL","1SE 4/128GB Agate Green (5030E-2BALUA2)","Android",790,3877,3581,3899,35,6.22,128,4000,"10-2020"
21,"ALCATEL","1SE 4/128GB Agate Green (5030E-2BALUA2)","Android",793,3877,3581,3899,35,6.22,128,4000,"10-2020"
22,"Nokia","2.4 2/32GB Charcoal","Android",1031,3162,2999,3299,17,6.5,32,4500,"9-2020"
23,"Nokia","2720 Flip Black (16BTSB01A10)","iOS",883,2530,2395,2689,26,2.8,4,1500,"9-2019"
24,"Nokia","3.4 3/64GB Charcoal","Android",1132,3899,3550,4049,24,6.39,64,4000,"9-2020"
25,"OnePlus","3T 128GB (Gunmetal)","OxygenOS",235,6991,6195,9399,9,5.5,128,3400,"1-2017"
26,"OnePlus","3T 128GB (Gunmetal)","OxygenOS",188,6991,6195,9399,9,5.5,128,3400,"1-2017"
27,"OnePlus","3T 64GB (Gunmetal)","OxygenOS",921,5856,5630,6299,10,5.5,64,3400,"12-2016"
28,"Nokia","5.3 4/64GB Charcoal","Android",1156,4429,4150,4583,42,6.55,64,4000,"6-2020"
29,"Nokia","5.4 4/128GB Polar Night","Android",701,9323,9166,9599,4,6.39,128,4000,"1-2021"
30,"realme","5i 4/64GB Green","Android",137,4761,4532,4990,2,6.5,64,5000,"3-2020"
31,"realme","6 4/128GB Blue","Android",1139,5936,5599,6345,20,6.5,128,4300,"4-2020"
32,"Nokia","6 64GB Black","Android",309,6381,5265,7011,3,5.5,64,3000,"4-2017"
33,"realme","6 8/128GB Blue","Android",1118,6767,6289,9547,34,6.5,128,4300,"4-2020"
34,"realme","6 Pro 8/128GB Blue","Android",1117,8045,7499,9006,10,6.6,128,4300,"4-2020"
35,"Nokia","6.1 4/32GB Black","Android",620,3820,3792,3848,2,5.5,32,3000,"6-2018"
36,"Nokia","6.1 4/64GB Black","Android",798,3962,3885,4099,4,5.5,64,3000,"3-2018"
37,"realme","6S 6/128GB Lunar White","Android",953,6078,5749,6270,5,6.5,128,4300,"10-2020"
38,"OnePlus","6T 8/256GB Midnight Black","Android",661,15625,15080,16213,8,6.41,256,3700,"10-2018"
39,"realme","6i 3/64GB White","Android",989,4292,4089,4599,17,6.5,64,5000,"4-2020"
40,"realme","6i 4/128GB Green","Android",1042,4946,4699,5044,27,6.5,128,5000,"4-2020"
41,"realme","7 6/64GB Mist Blue","Android",570,6215,5990,6658,3,6.5,64,5000,"2-2021"
42,"OnePlus","7 8/256GB Mirror Gray","Android",1022,14443,13920,15449,11,6.41,256,3700,"7-2019"
43,"Nokia","7 Plus 4/64GB Black","Android",375,7612,6014,9211,2,6,64,3800,"3-2018"
44,"realme","7 Pro 8/128GB Mirror Blue","Android",1179,8584,8199,9547,23,6.4,128,4500,"10-2020"
45,"OnePlus","8 12/256GB Onyx Black","Android",1067,17172,16500,18497,11,6.55,256,4300,"4-2020"
46,"Honor","8 3/32GB Blue","Android",535,3613,3199,3848,3,5.2,32,3000,"5-2018"
47,"OnePlus","8 8/128GB Onyx Black","Android",1155,15840,14863,16999,13,6.55,128,4300,"4-2020"
48,"OnePlus","8 Pro 12/256GB Glacial Green","Android",1095,22587,21778,25999,32,6.78,256,4510,"4-2020"
49,"OnePlus","8 Pro 8/128GB Onyx Black","Android",1161,20709,20095,21999,23,6.78,128,4510,"4-2020"
50,"Nokia","8.3 5G 8/128GB Polar Night","Android",1055,19041,18500,20517,18,6.81,128,4500,"10-2020"
51,"Honor","8A 3/64GB Blue","Android",430,3844,3690,3999,2,6.09,64,3020,"11-2019"
52,"Honor","8A 3/64GB Blue","Android",433,3844,3690,3999,2,6.09,64,3020,"11-2019"
53,"OnePlus","8T 12/256GB Cyberpunk 2077 Limited Edition","Android",938,23999,23999,24000,2,6.55,256,4500,"1-2021"
54,"OnePlus","8T 12/256GB Lunar Silver","Android",1159,18200,17249,19999,29,6.55,256,4500,"10-2020"
55,"OnePlus","8T 8/128GB Aquamarine Green","Android",1157,16845,16299,18000,35,6.55,128,4500,"10-2020"
56,"Honor","8x Max 4/64GB Black","Android",694,5652,5605,5699,2,7.12,64,5000,"10-2018"
57,"Honor","8x Max 4/64GB Black","Android",697,5652,5605,5699,2,7.12,64,5000,"10-2018"
58,"Honor","8x Max 4/64GB Blue","Android",303,5844,5605,6199,3,7.12,64,5000,"11-2018"
59,"Honor","9 4/64GB Dual Blue","Android",660,4461,3978,5957,5,5.15,64,3200,"9-2017"
60,"Honor","9 Lite 3/32GB Midnight Black","Android",142,3491,3444,3574,3,5.65,32,3000,"3-2018"
61,"Honor","9i 3/32GB Black","Android",342,3424,3399,3449,2,5.84,32,3000,"6-2020"
62,"Honor","9i 3/32GB Black","Android",361,3424,3399,3449,2,5.84,32,3000,"6-2020"
63,"Honor","9x 4/128GB Black","Android",1048,5599,4999,5999,3,6.59,128,4000,"11-2019"
64,"AGM","A10 6/128GB Black","Android",2,5628,5297,6584,11,5.7,128,4400,"10-2020"
65,"OPPO","A12 3/32GB Black","Android",1024,3520,3375,3949,15,6.22,32,4230,"6-2020"
66,"OPPO","A12 4/64GB Blue","Android",705,3949,3799,3999,4,6.22,64,4230,"8-2020"
67,"Blackview","A30 2/16GB Black","Android",240,1852,1795,1910,2,5.5,16,2500,"9-2018"
68,"Blackview","A30 2/16GB Black","Android",243,1852,1795,1910,2,5.5,16,2500,"9-2018"
69,"OPPO","A31 4/64GB Mystery Black","Android",897,4471,3999,4499,18,6.5,64,4230,"3-2020"
70,"OPPO","A5 2020 3/64GB Black","Android",833,4773,4499,4999,4,6.5,64,5000,"11-2019"
71,"OPPO","A52 4/64GB Twilight Black","Android",1094,5448,4857,6031,65,6.5,64,5000,"5-2020"
72,"OPPO","A53 4/128GB Electric Black","Android",985,5683,4998,5999,19,6.5,128,5000,"11-2020"
73,"OPPO","A53 4/64GB Black","Android",1145,5257,4407,6658,66,6.5,64,5000,"10-2020"
74,"OPPO","A5s 3/32Gb Blue","Android",478,3266,3199,3333,2,6.2,32,4230,"8-2019"
75,"Blackview","A60 1/16GB Black","Android",857,1910,1735,2052,42,6.1,16,4080,"5-2019"
76,"Blackview","A60 Plus 4/64GB Black","Android",1027,2831,2695,3189,8,6.08,64,4080,"12-2020"
77,"Blackview","A60 Pro 3/16GB Black","Android",904,2465,2299,2599,15,6.08,16,4080,"7-2019"
78,"Lenovo","A7 2/32GB L19111 Blue","Android",82,3391,3119,3746,5,6.09,32,4000,"7-2020"
79,"UMIDIGI","A7 Pro 4/128GB Black","Android",29,3868,3499,4104,4,6.3,128,4150,"8-2020"
80,"UMIDIGI","A7 Pro 4/128GB Black","Android",23,3868,3499,4104,4,6.3,128,4150,"8-2020"
81,"UMIDIGI","A7 Pro 4/64GB Black","Android",419,3327,3149,3506,2,6.3,64,4150,"6-2020"
82,"OPPO","A72 4/128GB Aurora Purple","Android",948,6867,6000,6999,11,6.5,128,5000,"5-2020"
83,"OPPO","A73 4/128GB Navy Blue","Android",1097,6615,5949,6999,55,6.44,128,4015,"12-2020"
84,"Blackview","A80 2/16GB Red","Android",578,2232,2090,2471,10,6.21,16,4200,"6-2020"
85,"Blackview","A80 Pro 4/64GB Black","Android",1018,3250,3134,3692,26,6.49,64,4680,"1-2020"
86,"AGM","A9 4/32GB Black","Android",797,5851,5699,6184,10,5.99,32,5400,"5-2019"
87,"AGM","A9 4/64GB Black","Android",704,6900,6628,7299,14,5.99,64,5400,"2-2019"
88,"OPPO","A91 8/128GB Black","Android",1124,8141,7298,8499,21,6.4,128,4025,"4-2020"
89,"Sharp","Aquos D10 4/64GB Black","Android",632,7827,6199,9999,7,5.99,64,2900,"6-2019"
90,"Ulefone","Armor 10 5G 8/128GB Black","Android",146,12913,12072,13499,5,6.67,128,5800,"1-2021"
91,"Ulefone","Armor 3WT 6/64GB Black","Android",148,7498,7349,7699,3,5.7,64,10300,"11-2019"
92,"Ulefone","Armor 7E 4/128GB Black","Android",671,7958,6787,8999,10,6.3,128,5500,"7-2020"
93,"Ulefone","Armor 7E 4/128GB Black","Android",673,7958,6787,8999,10,6.3,128,5500,"7-2020"
94,"Ulefone","Armor 8 4/64GB Black (6937748733744)","Android",865,5943,4398,6799,29,6.1,64,5500,"10-2020"
95,"Ulefone","Armor 9 8/128GB Black (6937748733515)","Android",1009,15611,13799,16120,20,6.3,128,6600,"8-2020"
96,"Ulefone","Armor 9E 8/128GB Black (6937748733805)","Android",816,11062,9610,13092,17,6.3,128,6600,"9-2020"
97,"Ulefone","Armor 9E 8/128GB Black (6937748733805)","Android",818,11062,9610,13092,17,6.3,128,6600,"9-2020"
98,"Ulefone","Armor X3 2/32GB Black","Android",395,3155,2493,3699,29,5.5,32,5000,"9-2020"
99,"Ulefone","Armor X5 3/32GB Red (6937748733256)","Android",788,3768,2909,4399,38,5.5,32,5000,"5-2020"
100,"Ulefone","Armor X5 Pro 4/64GB Black (6937748733829)","Android",1010,4251,3395,5200,28,5.5,64,5000,"9-2020"
101,"Ulefone","Armor X6 2/16GB Orange","Android",662,2786,2175,3199,38,5,16,4000,"4-2020"
102,"Ulefone","Armor X7 Pro 4/32GB Black","Android",998,3550,2770,3999,35,5,32,4000,"9-2020"
103,"Ulefone","Armor X8 4/64GB Black","Android",1035,4424,3470,5322,33,5.7,64,5080,"12-2020"
104,"DOOGEE","BL5500 Lite 2/16GB Dual Sim Gold","Android",540,2323,2099,2548,2,6.19,16,5500,"1-2019"
105,"Blackview","BV4900 3/32GB Black","Android",877,2974,2819,3199,23,5.7,32,5580,"11-2020"
106,"Blackview","BV4900 Pro 4/64GB Orange","Android",869,3474,3333,3719,13,5.7,64,5580,"1-2021"
107,"Blackview","BV5100 4/128GB Green","Android",515,4727,4610,5099,13,5.7,128,5580,"12-2020"
108,"Blackview","BV5100 Pro 4/128GB Black","Android",138,6789,5999,7838,22,5.7,128,5580,"1-2021"
109,"Blackview","BV5500 2/16GB Black","Android",772,2596,2149,3099,54,5.5,16,4400,"2-2019"
110,"Blackview","BV5500 Plus 3/32GB Black","Android",1023,2720,2560,3040,25,5.5,32,4400,"6-2020"
111,"Blackview","BV5500 Pro 3/16GB Black","Android",553,3566,2629,3800,47,5.5,16,4400,"6-2019"
112,"Blackview","BV5500 Pro 3/16GB Black","Android",548,3566,2629,3800,47,5.5,16,4400,"6-2019"
113,"Blackview","BV5900 3/32GB Black","Android",659,3668,3447,4389,26,5.7,32,5580,"12-2019"
114,"Blackview","BV6100 3/16GB Black","Android",806,3386,3190,3895,23,6.88,16,5580,"9-2019"
115,"Blackview","BV6300 3/32GB Black","Android",849,3762,3590,4674,29,5.7,32,4380,"11-2020"
116,"Blackview","BV6300 Pro 6/128GB Black","Android",882,5418,5199,5873,28,5.7,128,4380,"8-2020"
117,"Blackview","BV6800 Pro 4/64GB Black","Android",821,6801,4640,7399,55,5.7,64,6580,"11-2018"
118,"Blackview","BV6900 4/64GB Black","Android",764,4793,4670,5472,10,5.84,64,5580,"7-2020"
119,"Blackview","BV8000 Pro Lion Gold","Android",536,4584,4440,5130,19,5,64,4180,"7-2017"
120,"Blackview","BV8000 Pro Lion Gold","Android",525,4584,4440,5130,19,5,64,4180,"7-2017"
121,"Blackview","BV9100 4/64GB Black","Android",954,5355,5150,5850,13,6.3,64,13000,"10-2019"
122,"Blackview","BV9500 Black","Android",562,6356,5780,6929,5,5.7,64,10000,"9-2018"
123,"Blackview","BV9500 Plus 4/64GB Black","Android",792,5851,5649,6119,17,5.7,64,10000,"10-2019"
124,"Blackview","BV9500 Pro 6/128GB Black","Android",612,8087,7398,11924,7,5.7,128,10000,"10-2018"
125,"Blackview","BV9600 4/64GB Silver","Android",104,6072,5910,6349,20,6.21,64,5580,"8-2019"
126,"Blackview","BV9600 4/64GB Silver","Android",129,6072,5910,6349,20,6.21,64,5580,"8-2019"
127,"Blackview","BV9600 Pro 6/128GB Black","Android",373,6898,6730,7165,10,6.21,128,5580,"2-2019"
128,"Blackview","BV9600 Pro 6/128GB Black","Android",355,6898,6730,7165,10,6.21,128,5580,"2-2019"
129,"Blackview","BV9600E 4/128GB Grey","Android",533,6126,5899,7011,18,6.21,128,5580,"6-2020"
130,"Blackview","BV9700 Pro 6/128GB Black","Android",898,6967,6790,7289,20,5.84,128,4380,"8-2019"
131,"Blackview","BV9700 Pro 6/128GB Black + Night Vision Camera","Android",77,7686,7599,7860,3,5.84,128,4380,"8-2019"
132,"Blackview","BV9800 6/128Gb Black","Android",293,10064,9760,10499,14,6.3,128,6580,"2-2020"
133,"Blackview","BV9800 6/128Gb Black","Android",332,10064,9760,10499,14,6.3,128,6580,"2-2020"
134,"Blackview","BV9800 Pro 6/128GB Orange","Android",879,10436,9949,11258,30,6.3,128,6580,"5-2020"
135,"Blackview","BV9900 8/256GB Black","Android",732,9916,9536,10611,14,5.84,256,4380,"5-2020"
136,"Blackview","BV9900 Pro 8/128GB Gray","Android",802,12667,12077,14279,6,5.84,128,4380,"6-2020"
137,"Blackview","BV9900E 6/128GB Black","Android",918,7608,7380,7999,21,5.84,128,4380,"11-2020"
138,"UMIDIGI","Bison 6/128GB Red","Android",884,4994,4940,5049,4,6.3,128,5000,"12-2020"
139,"Xiaomi","Black Shark 2 Pro 8/128GB Black","Android",150,15149,14999,15299,2,6.39,128,4000,"11-2019"
140,"Xiaomi","Black Shark 2 Pro 8/128GB Iceberg Grey","Android",43,15399,14910,15999,11,6.39,128,4000,"11-2019"
141,"Xiaomi","Black Shark 3 12/256GB Black","Android",726,18319,17400,18999,4,6.67,256,4720,"7-2020"
142,"Xiaomi","Black Shark 3 8/128GB Black","Android",1098,13846,13151,14999,31,6.67,128,4720,"6-2020"
143,"ZTE","Blade 20 Smart 4/128GB Gradient Green","Android",1083,4152,3745,4417,48,6.49,128,5000,"12-2019"
144,"ZTE","Blade A3 2020 1/32GB Blue","Android",700,2016,1839,2229,56,5.45,32,2600,"3-2020"
145,"ZTE","Blade A3 2020 1/32GB Grey","Android",619,2014,1839,2099,43,5.45,32,2600,"3-2020"
146,"ZTE","Blade A3 2020 1/32GB Red","Android",446,2021,1839,2332,47,5.45,32,2600,"8-2020"
147,"ZTE","Blade A5 2/32GB Black","Android",706,2257,2199,2315,4,5.45,32,2600,"7-2020"
148,"ZTE","Blade A5 2/32GB Blue","Android",529,2435,2199,2599,8,5.45,32,2600,"6-2019"
149,"ZTE","Blade A5 2020 2/32GB Black","Android",942,2517,2299,2881,44,6.08,32,3200,"12-2019"
150,"ZTE","Blade A7 2019 2/32GB Black","Android",978,2590,2399,2799,34,6.1,32,3200,"5-2019"
151,"ZTE","Blade A7 2020 2/32GB Gradient","Android",1016,2783,2599,2999,56,6.08,32,4000,"12-2019"
152,"ZTE","Blade A7 2020 3/64GB Gradient","Android",1071,3154,3069,3499,53,6.08,64,4000,"12-2019"
153,"ZTE","Blade A7S 2/64GB Blue","Android",775,3052,2695,3549,38,6.5,64,4000,"9-2020"
154,"ZTE","Blade L210 1/32GB Black","Android",642,1801,1678,2009,39,6,32,2600,"9-2020"
155,"ZTE","Blade L210 1/32GB Blue","Android",399,1789,1678,1979,42,6,32,2600,"9-2020"
156,"ZTE","Blade L210 1/32GB Blue","Android",418,1789,1678,1979,42,6,32,2600,"9-2020"
157,"ZTE","Blade L8 1/16GB Black","Android",750,1552,1368,1646,44,5,16,2000,"5-2019"
158,"ZTE","Blade L8 1/16GB Blue","Android",691,1529,1368,1917,45,5,16,2000,"6-2019"
159,"ZTE","Blade V2020 Smart 4/128GB Grey","Android",951,4041,3755,4435,45,6.82,128,5000,"11-2020"
160,"ZTE","Blade V2020 Smart 4/64GB Grey","Android",941,3821,3577,4171,43,6.82,64,5000,"11-2020"
161,"realme","C11 2/32GB Green","Android",753,3055,2999,3179,5,6.5,32,5000,"7-2020"
162,"realme","C11 2/32GB Grey","Android",930,3015,2940,3179,9,6.5,32,5000,"7-2020"
163,"Oukitel","C18 Pro 4/64GB Purple","Android",386,3409,3149,3791,10,6.55,64,4000,"12-2020"
164,"Oukitel","C19 2/16GB Black","Android",610,2132,2049,2299,3,6.49,16,4000,"8-2020"
165,"Oukitel","C19 2/16GB Gradient Blue","Android",497,2104,2030,2299,4,6.49,16,4000,"10-2020"
166,"Oukitel","C21 4/64GB Black","Android",1044,3276,3149,3589,11,6.4,64,4000,"10-2020"
167,"realme","C3 2/32GB Blue","Android",936,3296,3174,3399,10,6.5,32,5000,"4-2020"
168,"realme","C3 2/32GB Red","Android",738,3361,3174,3399,11,6.5,32,5000,"4-2020"
169,"realme","C3 3/64GB Blue","Android",1153,3812,3547,4049,17,6.5,64,5000,"4-2020"
170,"Cubot","C30 8/128GB Black","Android",625,5671,5290,5871,4,6.4,128,4200,"12-2020"
171,"Tecno","Camon 12 CC7 Dark Jade","Android",522,3440,3149,3799,12,6.52,64,4000,"11-2019"
172,"Tecno","Camon 15 4/64GB Dark Jade (4895180755057)","Android",876,4057,3949,4499,6,6.6,64,5000,"8-2020"
173,"Coolpad","Cool Play 6 6/64GB Black","Android",271,3968,3947,3990,2,5.5,64,4060,"11-2018"
174,"Coolpad","Cool Play 6 6/64GB Black","Android",259,3968,3947,3990,2,5.5,64,4060,"11-2018"
175,"Archos","Core 50 16GB Red","Android",245,2059,1899,2099,5,5,16,2000,"8-2018"
176,"2E","E450A 2018 DualSim Black","Android",563,1250,1215,1338,18,4.5,8,1500,"8-2018"
177,"2E","E450R DualSim Gray","Android",571,1850,1499,2499,5,4.5,8,2600,"12-2017"
178,"2E","E500A 2019 DualSim Black","Android",670,1362,1319,1499,6,5,8,2500,"5-2019"
179,"Motorola","E6 Plus XT2025-2 4/64GB Blue","Android",762,3444,3399,3490,2,6.1,64,3000,"1-2020"
180,"Motorola","E6S 4/64 GB Meteor Grey (PAJE0031RS)","Android",1178,2992,2888,3205,30,6.1,64,3000,"9-2020"
181,"Motorola","E7 Plus 4/64GB Misty Blue (PAKX0008RS)","Android",929,4217,4199,4290,5,6.5,64,5000,"9-2020"
182,"Motorola","Edge 5G 6/128GB Dual Black (XT2063-3)","Android",1131,15017,14299,16872,20,6.7,128,4500,"7-2020"
183,"2E","F534L 2018 DualSim Black","Android",600,1610,1495,1701,8,5.3,16,3020,"11-2018"
184,"2E","F572L 2018 DualSim Red","Android",181,2167,1999,2336,2,5.7,16,3020,"10-2018"
185,"2E","F572L 2018 DualSim Silver","Android",567,1939,1759,1999,4,5.7,16,3020,"10-2018"
186,"OPPO","Find X2 Pro 12/512GB Orange","Android",474,32530,31720,33999,4,6.7,512,4260,"1-2021"
187,"Motorola","G7 4/64GB Ceramic Black (XT1962-6)","Android",686,4849,4499,5199,2,6.2,64,3000,"7-2020"
188,"LG","G7 ThinQ 4/64GB Aurora Black (LMG710EMW.ACISBK)","Android",1030,5571,5566,5576,2,6.1,64,3000,"5-2018"
189,"LG","G7 ThinQ 4/64GB Moroccan Blue (LMG710EMW.ACISBL)","Android",923,5421,5266,5576,2,6.1,64,3000,"5-2018"
190,"LG","G7 ThinQ 4/64GB Platinum Gray","Android",851,5713,5566,5998,3,6.1,64,3000,"5-2018"
191,"LG","G7 ThinQ 4/64GB Raspberry Rose","Android",427,5798,5599,5998,2,6.1,64,3000,"5-2018"
192,"Motorola","G8 Power 4/64GB Dual Sim Black (PAHF0007RS)","Android",925,5464,4999,6031,27,6.4,64,5000,"7-2020"
193,"Motorola","G8 Power Lite 4/64GB Royal Blue (PAJC0017RS)","Android",840,4772,4399,5342,12,6.5,64,5000,"7-2020"
194,"LG","G8X ThinQ 6/128GB Aurora Black","Android",931,17790,9888,20590,21,6.4,128,4000,"3-2020"
195,"LG","G8s ThinQ 6/128GB White","Android",988,14427,13749,15264,21,6.21,128,3550,"9-2020"
196,"Motorola","G9 Play 4/64GB Sapphire Blue (PAKK0016RS)","Android",1062,4812,4434,5877,17,6.5,64,5000,"9-2020"
197,"Motorola","G9 Plus 4/128GB Navy Blue (PAKM0019RS)","Android",1160,6697,6375,6999,46,6.81,128,5000,"9-2020"
198,"Samsung","G920F Galaxy S6 32GB (White Pearl)","Android",845,3529,3100,3959,2,5.1,32,2550,"3-2015"
199,"Samsung","Galaxy A01 2/16GB Black (SM-A015FZKD)","Android",1163,2940,2673,3158,33,5.7,16,3000,"1-2020"
200,"Samsung","Galaxy A01 Core 1/16GB Black (SM-A013FZKD)","Android",1073,2344,2098,2553,50,5.3,16,3000,"8-2020"
201,"Samsung","Galaxy A02s 3/32GB Blue (SM-A025FZBE)","Android",1078,3776,3599,3799,25,6.5,32,5000,"1-2021"
202,"Samsung","Galaxy A10s 2019 SM-A107F 2/32GB Black (SM-A107FZKD)","Android",1129,3348,3170,3999,24,6.2,32,4000,"8-2019"
203,"Samsung","Galaxy A11 2/32GB Black (SM-A115FZKN)","Android",1036,4101,3536,4396,40,6.4,32,4000,"6-2020"
204,"Samsung","Galaxy A12 SM-A125F 3/32GB Black (SM-A125FZKUSEK)","Android",1008,4473,4186,4999,63,6.5,32,5000,"1-2021"
205,"Samsung","Galaxy A12 SM-A125F 4/64GB Black (SM-A125FZKVSEK)","Android",1092,4977,4598,5499,57,6.5,64,5000,"1-2021"
206,"Samsung","Galaxy A2 Core 2019 SM-A260 1/16GB Blue","Android",100,3222,3029,3515,8,5,16,2600,"11-2019"
207,"Samsung","Galaxy A2 Core 2019 SM-A260 1/16GB Blue","Android",91,3222,3029,3515,8,5,16,2600,"11-2019"
208,"Samsung","Galaxy A20e SM-A202F 3/32GB Black SM-A202FZKD","Android",1040,4595,4309,5095,9,5.8,32,3000,"7-2019"
209,"Samsung","Galaxy A20e SM-A202F 3/32GB White (SM-A202FZWD)","Android",54,4300,4100,4500,2,5.8,32,3000,"12-2019"
210,"Samsung","Galaxy A20s 2019 A207F 3/32GB Black (SM-A207FZKD)","Android",1017,4126,3599,4399,13,6.5,32,4000,"10-2019"
211,"Samsung","Galaxy A21s 3/32GB Black (SM-A217FZKN)","Android",1059,5174,4598,6470,46,6.5,32,5000,"6-2020"
212,"Samsung","Galaxy A30s 3/32GB Black (SM-A307FZKU)","Android",1072,4524,3999,4789,4,6.4,32,4000,"9-2019"
213,"Samsung","Galaxy A30s 4/64GB Green (SM-A307FZGV)","Android",778,6098,5799,6399,8,6.4,64,4000,"9-2019"
214,"Samsung","Galaxy A31 4/128GB Black (SM-A315FZKV)","Android",1115,6510,5894,7499,74,6.4,128,5000,"4-2020"
215,"Samsung","Galaxy A31 4/64GB Black (SM-A315FZKU)","Android",1185,5997,5368,6999,92,6.4,64,5000,"4-2020"
216,"Samsung","Galaxy A41 4/64GB Black (SM-A415FZKD)","Android",1173,6693,5699,9547,19,6.1,64,3500,"5-2020"
217,"Samsung","Galaxy A50 2019 SM-A505F 4/128GB Black","Android",736,6687,6299,7154,16,6.4,128,4000,"4-2019"
218,"Samsung","Galaxy A50 2019 SM-A505F 4/64GB Blue (SM-A505FZBU)","Android",874,5527,5499,5555,2,6.4,64,4000,"3-2019"
219,"Samsung","Galaxy A50 2019 SM-A505F 6/128GB Blue (SM-A505FZBQ)","Android",712,6933,5999,7868,2,6.4,128,4000,"3-2019"
220,"Samsung","Galaxy A50s 2019 SM-A507FD 6/128GB Black","Android",168,8243,8107,8518,8,6.4,128,4000,"11-2019"
221,"Samsung","Galaxy A50s 2019 SM-A507FD 6/128GB Black","Android",118,8243,8107,8518,8,6.4,128,4000,"11-2019"
222,"Samsung","Galaxy A50s 2019 SM-A507FD 6/128GB Black","Android",127,8243,8107,8518,8,6.4,128,4000,"11-2019"
223,"Samsung","Galaxy A50s SM-A5070 6/128GB Prism Crush Green","Android",70,7159,6930,7979,5,6.4,128,4000,"3-2020"
224,"Samsung","Galaxy A51 2020 4/64GB Black (SM-A515FZKU)","Android",1192,7139,6497,7999,83,6.5,64,4000,"1-2020"
225,"Samsung","Galaxy A51 2020 6/128GB Blue (SM-A515FZBW)","Android",1177,8076,7436,8999,77,6.5,128,4000,"1-2020"
226,"Samsung","Galaxy A51 SM-A515F 2020 8/128GB Blue","Android",783,8538,8230,9067,20,6.5,128,4000,"7-2020"
227,"Samsung","Galaxy A51 SM-A515F 4/128GB Black","Android",970,7135,6870,7600,9,6.5,128,4000,"3-2020"
228,"Samsung","Galaxy A51 SM-A515F 6/128GB Metallic Silver (SM-A515FMSW)","Android",1039,8152,7436,8999,66,6.5,128,4000,"7-2020"
229,"Samsung","Galaxy A6+ 3/32GB Gold (SM-A605FZDN)","Android",205,7064,7032,7129,3,6,32,3500,"5-2018"
230,"Samsung","Galaxy A6+ 3/32GB Lavender","Android",484,5292,5255,5330,2,6,32,3500,"5-2018"
231,"Samsung","Galaxy A6+ 4/32GB Gold","Android",346,7071,7032,7129,4,6,32,3500,"6-2018"
232,"Samsung","Galaxy A7 2018 4/64GB Blue (SM-A750FZBU)","Android",689,5893,5570,6283,6,6,64,3300,"10-2018"
233,"Samsung","Galaxy A70 2019 SM-A7050 6/128GB Black","Android",339,8816,8299,10175,14,6.7,128,4500,"5-2019"
234,"Samsung","Galaxy A70 2019 SM-A7050 6/128GB Blue","Android",173,8965,8230,9499,11,6.7,128,4500,"8-2019"
235,"Samsung","Galaxy A70 2019 SM-A7050 6/128GB Blue","Android",209,8965,8230,9499,11,6.7,128,4500,"8-2019"
236,"Samsung","Galaxy A70 2019 SM-A7050 6/128GB Blue","Android",222,8965,8230,9499,11,6.7,128,4500,"8-2019"
237,"Samsung","Galaxy A70 2019 SM-A705F 6/128GB Black (SM-A705FZKU)","Android",611,8986,8449,9399,9,6.7,128,4500,"4-2019"
238,"Samsung","Galaxy A71 2020 6/128GB Black (SM-A715FZKU)","Android",1209,10403,9396,14538,79,6.7,128,4500,"1-2020"
239,"Samsung","Galaxy A71 2020 SM-A715F 8/128GB Blue","Android",957,10848,10340,11999,20,6.7,128,4500,"5-2020"
240,"Samsung","Galaxy A8+ 2018 32GB Gold (SM-A730FZDD)","Android",44,7309,6780,8928,5,6,32,3500,"1-2018"
241,"Samsung","Galaxy A8+ 2018 32GB Orchid Gray (SM-A730FZVD)","Android",93,7253,6799,8499,5,6,32,3500,"1-2018"
242,"Samsung","Galaxy A8+ 2018 32GB Orchid Gray (SM-A730FZVD)","Android",102,7253,6799,8499,5,6,32,3500,"1-2018"
243,"Samsung","Galaxy A80 2019 A8050 8/128GB Black","Android",310,13296,13031,13709,6,6.7,128,3700,"8-2019"
244,"Samsung","Galaxy A9 2018 6/128Gb Blue (SM-A920FZBD)","Android",472,8610,7099,9199,4,6.3,128,3800,"11-2018"
245,"Samsung","Galaxy Fold 12/256GB Black","Android",298,55338,45799,59999,4,7.3,256,4380,"11-2019"
246,"Samsung","Galaxy Fold 12/512GB Black (SM-F900FZKD)","Android",819,41310,34100,56999,31,7.3,512,4380,"3-2019"
247,"Samsung","Galaxy Fold 5G SM-F907B 12/512GB Black","Android",304,37640,35400,49593,10,7.3,512,4235,"3-2020"
248,"Samsung","Galaxy Fold 5G SM-F907B 12/512GB Silver","Android",330,37173,35400,49737,10,7.3,512,4235,"3-2020"
249,"Samsung","Galaxy M10 SM-M105F 2/16GB Black (SM-M105GDAG)","Android",132,4268,4116,4516,6,6.22,16,3400,"3-2019"
250,"Samsung","Galaxy M10 SM-M105F 2/16GB Black (SM-M105GDAG)","Android",157,4268,4116,4516,6,6.22,16,3400,"3-2019"
251,"Samsung","Galaxy M10 SM-M105F 2/16GB Black (SM-M105GDAG)","Android",107,4268,4116,4516,6,6.22,16,3400,"3-2019"
252,"Samsung","Galaxy M10 SM-M105F 3/32GB Blue","Android",64,4095,4090,4100,2,6.22,32,3400,"3-2019"
253,"Samsung","Galaxy M10S M107F 3/32GB Black","Android",145,4882,4650,4999,3,6.4,32,4000,"4-2020"
254,"Samsung","Galaxy M115 M11 3/32 Black (SM-M115FZKN)","Android",1049,4171,3799,4677,8,6.4,32,5000,"4-2020"
255,"Samsung","Galaxy M21 4/64GB Black (SM-M215FZKU)","Android",1204,5849,5228,6181,67,6.4,64,6000,"4-2020"
256,"Samsung","Galaxy M30 SM-M305F 4/64GB Gradation Blue","Android",443,6749,5950,7838,5,6.4,64,5000,"5-2019"
257,"Samsung","Galaxy M31 6/128GB Black (SM-M315FZKU)","Android",1214,7196,6698,7571,44,6.4,128,6000,"2-2020"
258,"Samsung","Galaxy M31s 6/128GB Blue (SM-M317FZBN)","Android",1184,8359,7429,9199,55,6.5,128,6000,"9-2020"
259,"Samsung","Galaxy M51 6/128GB Black (SM-M515FZKD)","Android",1220,9620,8555,10394,55,6.7,128,7000,"9-2020"
260,"Samsung","Galaxy Note 10 SM-N9700 8/256GB Black (SM-N9700ZKD)","Android",568,21353,20426,23273,5,6.3,256,3500,"8-2019"
261,"Samsung","Galaxy Note 10 SM-N9700 8/256GB White","Android",658,21852,18449,23719,14,6.3,256,3500,"9-2019"
262,"Samsung","Galaxy Note 10 SM-N970F 8/256GB Black (SM-N970FZKD)","Android",1172,19940,16499,28940,53,6.3,256,3500,"8-2019"
263,"Samsung","Galaxy Note 10+ SM-N9750 12/256GB Aura Glow","Android",909,25252,22849,26748,16,6.8,256,4300,"8-2019"
264,"Samsung","Galaxy Note 10+ SM-N975F 12/256GB Black (SM-N975FZKD)","Android",1113,23920,20651,31163,49,6.8,256,4300,"8-2019"
265,"Samsung","Galaxy Note 10+ SM-N975F 12/512GB Aura Black","Android",233,27973,25820,31545,3,6.8,512,4300,"9-2019"
266,"Samsung","Galaxy Note 8 64GB Gold","Android",744,9923,9250,10598,3,6.3,64,3300,"8-2017"
267,"Samsung","Galaxy Note 8 N950F Single sim 128GB Black","Android",184,18114,17695,18626,6,6.3,128,3300,"6-2018"
268,"Samsung","Galaxy Note 8 N950F Single sim 128GB Black","Android",217,18114,17695,18626,6,6.3,128,3300,"6-2018"
269,"Samsung","Galaxy Note 9 N960 6/128GB Metallic Copper","Android",889,14422,13890,15467,15,6.4,128,4000,"8-2018"
270,"Samsung","Galaxy Note 9 N960 8/512GB Lavender Purple","Android",164,20948,20469,21871,3,6.4,512,4000,"9-2018"
271,"Samsung","Galaxy Note 9 N960 8/512GB Lavender Purple","Android",123,20948,20469,21871,3,6.4,512,4000,"9-2018"
272,"Samsung","Galaxy Note 9 N960 8/512GB Lavender Purple","Android",114,20948,20469,21871,3,6.4,512,4000,"9-2018"
273,"Samsung","Galaxy Note 9 N960 8/512GB Metallic Copper","Android",813,16076,15090,21366,17,6.4,512,4000,"8-2018"
274,"Samsung","Galaxy Note 9 N960 8/512GB Midnight Black","Android",992,17585,15840,23770,14,6.4,512,4000,"8-2018"
275,"Samsung","Galaxy Note 9 N960 8/512GB Ocean Blue (SM-N960FZBH)","Android",714,17540,15330,35999,16,6.4,512,4000,"8-2018"
276,"Samsung","Galaxy Note10 Lite SM-N770F Dual 6/128GB Black (SM-N770FZKD)","Android",1182,11405,9756,13999,77,6.7,128,4500,"1-2020"
277,"Samsung","Galaxy Note10 Lite SM-N770F Dual 8/128GB Black (SM-N770FZKU)","Android",915,12169,11699,13098,27,6.7,128,4500,"3-2020"
278,"Samsung","Galaxy Note20 5G N9810 8/256GB Mystic Gray","Android",956,21175,20290,22949,34,6.7,256,4300,"9-2020"
279,"Samsung","Galaxy Note20 5G SM-N981B 8/256GB Mystic Bronze","Android",730,21222,20230,28270,27,6.7,256,4300,"8-2020"
280,"Samsung","Galaxy Note20 SM-N980F 8/256GB Mystic Green (SM-N980FZGG)","Android",1080,22670,18920,30778,63,6.7,256,4300,"8-2020"
281,"Samsung","Galaxy Note20 Ultra 5G SM-N9860 12/256GB Mystic Black","Android",1146,30008,28948,34505,33,6.9,256,4500,"9-2020"
282,"Samsung","Galaxy Note20 Ultra 5G SM-N986B 12/256GB Mystic Black","Android",1013,28896,27149,34640,36,6.9,256,4500,"8-2020"
283,"Samsung","Galaxy Note20 Ultra 5G SM-N986B 12/512GB Mystic Black (SM-N986BZKH)","Android",800,39524,28381,41999,20,6.9,512,4500,"8-2020"
284,"Samsung","Galaxy Note20 Ultra SM-N985F 8/256GB Mystic Bronze (SM-N985FZNG)","Android",1147,32669,27599,35999,38,6.9,256,4500,"8-2020"
285,"Samsung","Galaxy S10 Lite SM-G770 6/128GB Black (SM-G770FZKG)","Android",1190,14079,12049,15469,4,6.7,128,4500,"1-2020"
286,"Samsung","Galaxy S10 Lite SM-G770 8/128GB Black","Android",1054,14654,13167,16476,11,6.7,128,4500,"3-2020"
287,"Samsung","Galaxy S10 SM-G973 DS 128GB Green (SM-G973FZGD)","Android",1199,17561,14499,18999,64,6.1,128,3400,"2-2019"
288,"Samsung","Galaxy S10 SM-G973 DS 512GB Black","Android",198,21229,17900,23261,13,6.1,512,3400,"2-2019"
289,"Samsung","Galaxy S10 SM-G9730 DS 128GB Black","Android",861,19123,17999,20510,10,6.1,128,3400,"2-2019"
290,"Samsung","Galaxy S10+ SM-G975 DS 128GB Black (SM-G975FZKD)","Android",1180,17860,13888,23218,45,6.4,128,4000,"2-2019"
291,"Samsung","Galaxy S10+ SM-G975 DS 1TB Black (SM-G975FCKH)","Android",847,22932,20995,47292,22,6.4,1000,4000,"2-2019"
292,"Samsung","Galaxy S10+ SM-G975 DS 1TB Ceramic White (SM-G975FCWH)","Android",795,23137,20995,47292,22,6.4,1000,4000,"2-2019"
293,"Samsung","Galaxy S10+ SM-G975 DS 512GB Black (SM-G975FCKG)","Android",910,21304,18619,39999,26,6.4,512,4000,"2-2019"
294,"Samsung","Galaxy S10+ SM-G975 DS 512GB White (SM-G975FCWG)","Android",828,19878,17970,33999,28,6.4,512,4000,"2-2019"
295,"Samsung","Galaxy S10+ SM-G9750 DS 128GB Black","Android",817,20044,19529,20999,9,6.4,128,4000,"2-2019"
296,"Samsung","Galaxy S10+ SM-G9750 DS 128GB Black","Android",815,20044,19529,20999,9,6.4,128,4000,"2-2019"
297,"Samsung","Galaxy S10+ SM-G9750 DS 1TB Black","Android",66,21454,20954,21954,3,6.4,1000,4000,"2-2019"
298,"Samsung","Galaxy S10e SM-G970 DS 128GB Black (SM-G970FZKD)","Android",1122,16313,15483,17499,23,5.8,128,3100,"2-2019"
299,"Samsung","Galaxy S20 5G SM-G9810 12/128GB Cloud Pink","Android",1034,22846,22130,24453,22,6.2,128,4000,"5-2020"
300,"Samsung","Galaxy S20 FE 5G SM-G7810 8/128GB Cloud Navy","Android",1181,17390,16810,18499,20,6.5,128,4500,"10-2020"
301,"Samsung","Galaxy S20 FE 5G SM-G7810 Dual 8/256GB Cloud Navy","Android",913,21157,20510,22116,14,6.5,256,4500,"1-2021"
302,"Samsung","Galaxy S20 FE 5G SM-G781B 6/128GB Cloud Red","Android",964,17332,16690,18017,10,6.5,128,4500,"12-2020"
303,"Samsung","Galaxy S20 FE SM-G780F 6/128GB Blue (SM-G780FZBD)","Android",1197,17631,15280,21724,79,6.5,128,4500,"9-2020"
304,"Samsung","Galaxy S20 FE SM-G780F 6/256GB Cloud Navy","Android",439,20513,18999,22449,8,6.5,256,4500,"12-2020"
305,"Samsung","Galaxy S20 FE SM-G780F 8/128GB Cloud Navy","Android",899,16396,15650,18187,16,6.5,128,4500,"11-2020"
306,"Samsung","Galaxy S20 FE SM-G780F 8/256GB Blue (SM-G780FZBH)","Android",982,19215,16967,23228,56,6.5,256,4500,"11-2020"
307,"Samsung","Galaxy S20 SM-G980 8/128GB Grey (SM-G980FZAD)","Android",1210,21011,18129,29432,65,6.2,128,4000,"2-2020"
308,"Samsung","Galaxy S20 Ultra 5G SM-G9880 12/256GB Cosmic Gray","Android",933,29175,27238,31780,30,6.9,256,5000,"5-2020"
309,"Samsung","Galaxy S20 Ultra 5G SM-G988B 12/128GB Black","Android",984,27461,25999,34999,30,6.9,128,5000,"5-2020"
310,"Samsung","Galaxy S20 Ultra SM-G988 128GB Grey (SM-G988BZAD)","Android",1114,32806,26080,42127,63,6.9,128,5000,"2-2020"
311,"Samsung","Galaxy S20+ 5G SM-G9860 12/128GB Cosmic Black","Android",1130,23302,22580,25183,31,6.9,128,4500,"4-2020"
312,"Samsung","Galaxy S20+ 5G SM-G9860 8/128GB Gray","Android",192,24843,24369,25318,2,6.7,128,4500,"5-2020"
313,"Samsung","Galaxy S20+ 5G SM-G9860 8/128GB Gray","Android",226,24843,24369,25318,2,6.7,128,4500,"5-2020"
314,"Samsung","Galaxy S20+ 5G SM-G986B 12/128GB Black","Android",321,21905,21150,22572,3,6.7,128,4500,"10-2020"
315,"Samsung","Galaxy S20+ 5G SM-G986F-DS 12/128GB Black","Android",1011,21326,20490,23321,35,6.7,128,4500,"2-2020"
316,"Samsung","Galaxy S20+ LTE SM-G985 Dual 8/128GB Black (SM-G985FZKD)","Android",1070,24160,19424,27138,87,6.7,128,4500,"2-2020"
317,"Samsung","Galaxy S21 8/128GB Phantom Grey (SM-G991BZADSEK)","Android",1175,26751,24059,27655,25,6.2,128,4000,"1-2021"
318,"Samsung","Galaxy S21 8/256GB Phantom Grey (SM-G991BZAGSEK)","Android",1004,28876,27499,29210,22,6.2,256,4000,"1-2021"
319,"Samsung","Galaxy S21 Ultra 12/128GB Phantom Black (SM-G998BZKDSEK)","Android",1104,37630,34899,40559,28,6.8,128,5000,"1-2021"
320,"Samsung","Galaxy S21 Ultra 12/256GB Phantom Black (SM-G998BZKGSEK)","Android",1164,39620,36359,42127,22,6.8,256,5000,"1-2021"
321,"Samsung","Galaxy S21 Ultra 16/512GB Phantom Black (SM-G998BZKHSEK)","Android",1136,42649,36899,43999,26,6.8,512,5000,"1-2021"
322,"Samsung","Galaxy S21+ 8/128GB Phantom Black (SM-G996BZKDSEK)","Android",979,31574,29319,33601,32,6.7,128,4800,"1-2021"
323,"Samsung","Galaxy S21+ 8/256GB Phantom Black (SM-G996BZKGSEK)","Android",1006,33443,30899,33999,27,6.7,256,4800,"1-2021"
324,"Samsung","Galaxy S7 G930F 32GB (Gold)","Android",685,7782,6896,8225,3,5.1,32,3000,"4-2016"
325,"Samsung","Galaxy S8 64GB Blue","Android",908,7864,7640,8089,2,5.8,64,3000,"3-2017"
326,"Samsung","Galaxy S8+ 64GB Black (SM-G955FZKD)","Android",871,10787,8299,12898,7,6.2,64,3500,"3-2017"
327,"Samsung","Galaxy S9 SM-G960 DS 128GB Blue","Android",92,16798,13309,18370,8,5.8,128,3000,"2-2018"
328,"Samsung","Galaxy S9 SM-G960 DS 128GB Blue","Android",101,16798,13309,18370,8,5.8,128,3000,"2-2018"
329,"Samsung","Galaxy S9 SM-G960 DS 128GB Purple (SM-G960FZPG)","Android",249,13537,12754,14367,9,5.8,128,3000,"2-2018"
330,"Samsung","Galaxy S9 SM-G960 DS 64GB Black (SM-G960FZKD)","Android",1105,11207,9050,13880,5,5.8,64,3000,"2-2018"
331,"Samsung","Galaxy S9+ SM-G965 DS 128GB Blue","Android",230,13436,12592,14703,9,6.2,128,3500,"2-2018"
332,"Samsung","Galaxy S9+ SM-G965 DS 128GB Grey","Android",285,13525,12870,14480,6,6.2,128,3500,"2-2018"
333,"Samsung","Galaxy S9+ SM-G965 DS 128GB Purple","Android",470,14502,12870,16135,2,6.2,128,3500,"2-2018"
334,"Samsung","Galaxy S9+ SM-G965 DS 256GB Black (SM-G965FZKH)","Android",517,14532,13327,15499,15,6.2,256,3500,"2-2018"
335,"Samsung","Galaxy S9+ SM-G965 DS 64GB Black (SM-G965FZKD)","Android",1135,13837,10048,17966,16,6.2,64,3500,"2-2018"
336,"Samsung","Galaxy Z Flip 5G SM-F707 8/256GB Mystic Bronze","Android",696,22434,21930,24530,13,6.7,256,3300,"10-2020"
337,"Samsung","Galaxy Z Flip SM-F700 8/256GB Mirror Purple (SM-F700FZPD)","Android",1029,35015,24588,41999,16,6.7,256,3300,"2-2020"
338,"Samsung","Galaxy Z Fold2 12/256GB Mystic Black (SM-F916BZKQ)","Android",1099,51460,44809,59999,33,7.6,256,4500,"8-2020"
339,"Lenovo","K10 Note 4/64GB Black","Android",960,4630,4377,5026,10,6.39,64,4050,"6-2020"
340,"Oukitel","K12 6/64 Black","Android",504,5101,4999,5185,7,6.3,64,10000,"7-2019"
341,"Oukitel","K12 6/64 Black","Android",509,5101,4999,5185,7,6.3,64,10000,"7-2019"
342,"Oukitel","K13 4/64GB Black","Android",328,5039,4880,5299,6,6.41,64,11000,"3-2020"
343,"Oukitel","K13 4/64GB Black","Android",290,5039,4880,5299,6,6.41,64,11000,"3-2020"
344,"Oukitel","K13 4/64GB Pro Black","Android",506,5146,4982,5399,9,6.41,64,11000,"3-2020"
345,"Oukitel","K13 Pro Leather Black","Android",469,5331,4899,5631,5,6.41,64,11000,"3-2020"
346,"Lenovo","K5 Pro 4/64GB Black","Android",731,3786,3639,3933,2,5.99,64,4050,"2-2019"
347,"Oukitel","K9 4/64 Black","Android",467,5467,5199,5972,4,7.12,64,6000,"7-2019"
348,"BlackBerry","KEYone","Android",916,5674,5499,5849,2,4.5,32,3505,"9-2017"
349,"Cubot","King Kong CS","Android",115,2500,2399,2651,5,5,16,4400,"12-2020"
350,"Cubot","King Kong CS","Android",124,2500,2399,2651,5,5,16,4400,"12-2020"
351,"Cubot","King Kong CS","Android",165,2500,2399,2651,5,5,16,4400,"12-2020"
352,"Cubot","Kingkong mini 3/32GB Red","Android",811,3046,2889,3349,4,4,32,2000,"8-2020"
353,"Cubot","Kingkong mini 3/32GB Yellow","Android",749,3046,2889,3349,4,4,32,2000,"8-2020"
354,"Meizu","M10 2/32GB Black","Android",120,3190,2950,3499,15,6.5,32,4000,"10-2019"
355,"Meizu","M10 2/32GB Red","Android",232,3312,3099,3499,7,6.5,32,4000,"10-2019"
356,"Meizu","M10 3/32GB Black","Android",890,3325,2899,3705,33,6.5,32,4000,"10-2019"
357,"Meizu","M10 3/32GB Blue","Android",119,3608,3325,3899,13,6.5,32,4000,"10-2019"
358,"AGM","M5 Black","Android",668,2840,2798,2907,4,2.8,8,2500,"3-2020"
359,"Meizu","M6 Note 3/16GB Black","Android",651,3281,3199,3363,2,5.5,16,4000,"11-2017"
360,"Meizu","M6T 2/16GB Black","Android",345,2765,2699,2899,3,5.7,16,3300,"7-2018"
361,"Meizu","M8 4/64GB Black","Android",786,3855,3549,4739,5,5.7,64,3100,"11-2018"
362,"Meizu","M8 4/64GB Blue","Android",482,3726,3549,4059,9,5.7,64,3100,"2-2019"
363,"DOOGEE","MIX 2 6/64GB Black","Android",169,3682,3636,3733,3,6,64,4060,"1-2018"
364,"HUAWEI","Mate 10 6/256GB Porsche Design","Android",606,14257,13255,15675,4,6,256,4000,"3-2018"
365,"HUAWEI","Mate 20 DS 6/64GB Black","Android",566,13612,13255,13969,2,6.53,64,4000,"1-2019"
366,"HUAWEI","Mate RS Porsche Design 6/256GB Black","Android",785,13782,13499,13999,3,6,256,4000,"12-2020"
367,"Xiaomi","Mi 10 Lite 6/128GB Cosmic Grey","Android",926,11104,8649,13083,9,6.57,128,4160,"6-2020"
368,"Xiaomi","Mi 10 Lite 8/256GB Dream White","Android",836,12055,11898,12498,6,6.57,256,4160,"6-2020"
369,"Xiaomi","Mi 10T 6/128GB Cosmic Black","Android",1154,12778,12077,14728,49,6.67,128,5000,"10-2020"
370,"Xiaomi","Mi 10T 8/128GB Cosmic Black","Android",1191,13236,12399,14538,47,6.67,128,5000,"10-2020"
371,"Xiaomi","Mi 10T Lite 6/128GB Pearl Gray","Android",1133,9502,8999,10089,26,6.67,128,4820,"10-2020"
372,"Xiaomi","Mi 10T Lite 6/64GB Pearl Gray","Android",1037,9039,8699,9299,5,6.67,64,4820,"10-2020"
373,"Xiaomi","Mi 10T Pro 8/128GB Cosmic Black","Android",1152,15767,14999,16720,17,6.67,128,5000,"10-2020"
374,"Xiaomi","Mi 10T Pro 8/256GB Cosmic Black","Android",1168,16756,15999,17538,12,6.67,256,5000,"10-2020"
375,"Vernee","Mix 2 M2 4/64GB Black","Android",801,2786,2644,2934,4,6,64,4200,"8-2019"
376,"Vernee","Mix 2 M2 4/64GB Blue","Android",559,2865,2469,3089,4,6,64,4200,"10-2018"
377,"Motorola","Moto G5s (XT1794) Lunar Gray (PA7W0024UA)","Android",431,3569,3549,3590,2,5.2,32,3000,"8-2017"
378,"Motorola","Moto G5s (XT1794) Lunar Gray (PA7W0024UA)","Android",434,3569,3549,3590,2,5.2,32,3000,"8-2017"
379,"Motorola","Moto G5s XT1799 4/64GB Black (PA930008CN)","Android",554,3569,3549,3590,2,5.2,64,3000,"5-2019"
380,"Motorola","Moto G5s XT1799 4/64GB Black (PA930008CN)","Android",549,3569,3549,3590,2,5.2,64,3000,"5-2019"
381,"Motorola","Moto G6 Plus XT1926 Dual Sim 64GB Indigo Blue","Android",385,6545,5490,7600,2,5.9,64,3200,"6-2018"
382,"Motorola","Moto G7 Play XT1952-2 Dual Sim 2/32GB Deep Indigo","Android",487,3494,3199,3790,2,5.7,32,3000,"5-2019"
383,"Motorola","Moto G8 4/64GB Blue (PAHL0004RS)","Android",722,5084,4499,5415,10,6.4,64,4000,"8-2020"
384,"Motorola","Moto G8 4/64GB Blue (PAHL0004RS)","Android",720,5084,4499,5415,10,6.4,64,4000,"8-2020"
385,"Motorola","Moto G8 4/64GB White (PAHL0010RS)","Android",528,5105,4399,5415,9,6.4,64,4000,"8-2020"
386,"Motorola","Moto G8 4/64GB White (PAHL0010RS)","Android",539,5105,4399,5415,9,6.4,64,4000,"8-2020"
387,"Motorola","Moto G8 Plus XT2019-1 4/64GB Dual Sim Cosmic Blue (PAGE0015RS)","Android",1041,5573,5299,5799,12,6.3,64,4000,"11-2019"
388,"Motorola","Moto G9 Power 4/128GB Gray (PALR0020RS)","Android",1149,5432,5299,5499,3,6.4,128,5000,"10-2020"
389,"Motorola","Moto X Force (Black)","Android",638,5294,4999,5590,2,5.4,32,3760,"4-2016"
390,"Motorola","Moto Z 32GB White/Gold (SM4389AD1U1)","Android",196,3796,3399,4990,4,5.5,32,2600,"9-2016"
391,"Motorola","Moto Z2 Force 6/64GB Black (PA900007UA)","Android",808,7094,6999,7190,2,5.5,64,2730,"11-2017"
392,"Motorola","Moto Z2 Play Fine Gold (SM4482AJ1K7)","Android",46,5244,4999,5490,2,5.5,64,3000,"7-2017"
393,"Motorola","Moto Z2 Play Lunar Grey (SM4482AC3K7)","Android",322,5244,4999,5490,2,5.5,64,3000,"7-2017"
394,"Motorola","Moto Z3 Play 4/64GB Deep Indgo","Android",374,6590,6190,6990,2,6.01,64,3000,"7-2018"
395,"Motorola","Moto Z4 4/128GB Flash Gray","Android",503,11690,11490,11890,2,6.4,128,3600,"7-2019"
396,"Motorola","Moto Z4 4/128GB Flash Gray","Android",508,11690,11490,11890,2,6.4,128,3600,"7-2019"
397,"DOOGEE","N20 4/64GB Black","Android",875,2989,2835,3306,10,6.3,64,4350,"10-2019"
398,"DOOGEE","N20 Pro 6/128GB Green","Android",959,4722,3799,5299,24,6.3,128,4400,"9-2020"
399,"DOOGEE","N30 4/128GB Dreamy Blue","Android",672,3519,3244,3870,8,6.55,128,4500,"11-2020"
400,"DOOGEE","N30 4/128GB Dreamy Blue","Android",675,3519,3244,3870,8,6.55,128,4500,"11-2020"
401,"OnePlus","Nord 12/256GB Gray Onyx","Android",1096,12985,12670,13999,25,6.44,256,4115,"7-2020"
402,"OnePlus","Nord 8/128GB Gray Onyx","Android",1109,12069,11149,13479,19,6.44,128,4115,"7-2020"
403,"OnePlus","Nord N10 5G 6/128GB Midnight Ice","Android",1194,9795,7900,46617,28,6.49,128,4300,"12-2020"
404,"OnePlus","Nord N100 4/64GB Midnight Frost","Android",965,6112,5825,6999,28,6.52,64,5000,"11-2020"
405,"Cubot","Note 20 Pro 6/128GB Black","Android",962,3491,3349,3719,4,6.5,128,4200,"10-2020"
406,"Ulefone","Note 7P 3/32GB Twilight","Android",28,2999,2749,3358,17,6.1,32,3500,"8-2019"
407,"Ulefone","Note 7P 3/32GB Twilight","Android",22,2999,2749,3358,17,6.1,32,3500,"8-2019"
408,"Ulefone","Note 8P 2/16GB Black","Android",312,2125,1860,2369,33,5.5,16,2700,"7-2020"
409,"Ulefone","Note 8P 2/16GB Midnight Green","Android",211,2148,1877,2369,23,5.5,16,2700,"7-2020"
410,"Ulefone","Note 8P 2/16GB Midnight Green","Android",175,2148,1877,2369,23,5.5,16,2700,"7-2020"
411,"Meizu","Note 9 4/64GB Black","Android",1167,4430,4069,5372,34,6.2,64,4000,"5-2019"
412,"HUAWEI","Nova 4 8/128GB Black","Android",81,9372,9172,9572,3,6.4,128,3750,"3-2019"
413,"Motorola","One Fusion+ 6/128GB Blue (PAJW0006RS)","Android",1148,7071,6999,7499,15,6.5,128,5000,"9-2020"
414,"Motorola","One Hyper XT2027-1 4/128GB Deep Sea Blue","Android",531,8261,7999,8590,3,6.5,128,4000,"3-2020"
415,"Motorola","One Vision 4/128GB Sapphire Blue","Android",881,6643,5697,7590,2,6.3,128,3500,"6-2019"
416,"HUAWEI","P Smart 2020 4/128GB Emerald Green","Android",641,4681,4507,5055,18,6.21,128,3400,"9-2020"
417,"HUAWEI","P Smart Pro 6/128GB Midnight Black (51094UVB)","Android",994,7199,6999,7399,4,6.59,128,4000,"11-2019"
418,"HUAWEI","P Smart S 4/128GB Breathing Crystal (51095HVM)","Android",914,5802,5199,7077,23,6.3,128,4000,"7-2020"
419,"HUAWEI","P smart 2019 3/64GB Black (51093FSW)","Android",825,4262,3845,4990,11,6.21,64,3400,"12-2018"
420,"HUAWEI","P smart 2021 4/128GB Midnight Black (51096ABV)","Android",1038,5311,4787,6499,39,6.67,128,5000,"10-2020"
421,"HUAWEI","P smart Z 4/64GB Emerald Green (51093WVK)","Android",1076,4989,4299,5499,18,6.59,64,4000,"7-2019"
422,"Cubot","P30 4/64GB Black","Android",495,3320,3069,3586,11,6.3,64,4000,"6-2020"
423,"HUAWEI","P30 6/128GB Black (51093NDK)","Android",993,15464,14801,19999,17,6.1,128,3650,"3-2019"
424,"HUAWEI","P30 Lite 4/128GB Breathing Crystal","Android",856,5821,5649,6095,3,6.15,128,3340,"9-2020"
425,"HUAWEI","P30 Lite 6/256GB Peacock Blue","Android",1000,6257,5932,6897,17,6.15,256,3340,"7-2020"
426,"HUAWEI","P30 Pro 6/128GB Black (51093TFT)","Android",1056,16997,15650,18717,14,6.47,128,4200,"3-2019"
427,"HUAWEI","P30 Pro 8/128GB Aurora","Android",1079,16798,16199,17999,19,6.47,128,4200,"3-2019"
428,"HUAWEI","P30 Pro NEW EDITION 8/256GB Silver Frost","Android",1057,18484,17870,19599,18,6.47,256,4200,"7-2020"
429,"HUAWEI","P40 8/128GB Black (51095EHY)","Android",1064,17155,14150,22999,18,6.1,128,3800,"3-2020"
430,"HUAWEI","P40 Pro 8/256GB Silver Frost (51095CAL)","Android",1075,23465,22130,24999,9,6.58,256,4200,"3-2020"
431,"HUAWEI","P40 Pro+ 8/512GB Black Ceramic","EMUI",417,31656,30981,33089,10,6.58,512,4200,"10-2020"
432,"HUAWEI","P40 Pro+ 8/512GB Black Ceramic","EMUI",407,31656,30981,33089,10,6.58,512,4200,"10-2020"
433,"HUAWEI","P40 lite 6/128GB Crush Green (51095CJX)","Android",1061,6789,5998,7999,43,6.4,128,4000,"3-2020"
434,"HUAWEI","P40 lite E 4/64GB Midnight Black (51095DCE)","Android",1134,4243,3760,5999,54,6.39,64,4000,"3-2020"
435,"Tecno","POP 2F B1F 1/16GB Midnight Black (4895180746659)","Android",794,1631,1479,1699,25,5.5,16,2400,"9-2019"
436,"Tecno","POP 3 BB2 1/16GB DS Sandstone Black (4895180751288)","Android",468,1810,1629,1979,39,5.7,16,3500,"7-2020"
437,"Tecno","POP 4 BC2 2/32GB DS Ice Lake Green (4895180759420)","Android",864,2236,2069,2299,11,6,32,5000,"8-2020"
438,"Google","Pixel 128GB (Quite Black)","Android",520,6838,5199,9700,4,5,128,2770,"10-2016"
439,"Google","Pixel 2 128GB Just Black","Android",718,13014,6611,18186,9,5,128,2700,"10-2017"
440,"Google","Pixel 2 64GB Just Black","Android",895,6667,5386,8490,9,5,64,2700,"10-2017"
441,"Google","Pixel 2 XL 64GB Just Black","Android",1050,12909,5999,17421,8,6,64,3520,"10-2017"
442,"Google","Pixel 3 4/64GB Just Black","Android",1077,10274,9499,11499,14,5.5,64,2915,"10-2018"
443,"Google","Pixel 3 XL 4/64GB Just Black","Android",1082,11238,8399,12999,29,6.3,64,3430,"10-2018"
444,"Google","Pixel 32GB (Quite Black)","Android",588,4729,4699,4760,2,5,32,2770,"10-2016"
445,"Google","Pixel 3a 4/64GB Just Black","Android",867,10071,7900,11199,26,5.6,64,3000,"5-2019"
446,"Google","Pixel 3a XL 4/64GB Just Black","Android",510,11774,9577,12999,9,6,64,3700,"5-2019"
447,"Google","Pixel 4 6/64GB Just Black","Android",1065,17187,15944,19409,21,5.7,64,2800,"10-2019"
448,"Google","Pixel 4 XL 6/128GB Just Black","Android",734,25548,24763,26999,6,6.3,128,3700,"10-2019"
449,"Google","Pixel 4 XL 6/64GB Oh So Orange","Android",1019,19369,16600,22999,4,6.3,64,3700,"10-2019"
450,"Google","Pixel 4a 5G 6/128GB Just Black","Android",1202,15706,14899,17718,33,6.24,128,3885,"10-2020"
451,"Google","Pixel 4a 6/128GB Just Black","Android",1223,12106,11740,12999,37,5.81,128,3140,"8-2020"
452,"Google","Pixel 5 8/128GB Just Black","Android",1165,21879,21150,24999,36,6,128,4080,"10-2020"
453,"Xiaomi","Poco M3 4/128GB Black","Android",1116,5372,4933,6005,41,6.53,128,6000,"11-2020"
454,"Xiaomi","Poco M3 4/64GB Black","Android",1217,4708,4270,5345,34,6.53,64,6000,"11-2020"
455,"Xiaomi","Poco X3 NFC 6/128GB Cobalt Blue","Android",1222,7152,6836,7999,59,6.67,128,5160,"9-2020"
456,"Xiaomi","Poco X3 NFC 6/64GB Cobalt Blue","Android",1211,6488,6169,7499,57,6.67,64,5160,"9-2020"
457,"Xiaomi","Pocophone F1 6/128GB Blue","Android",946,7231,6930,7999,16,6.18,128,4000,"8-2018"
458,"Tecno","Pop 4 Pro BC3 1/16GB Cosmic Shine","Android",639,2314,1999,2419,18,6.52,16,5000,"11-2020"
459,"Ulefone","Power 6 4/64GB Black","Android",572,4204,3519,4520,23,6.3,64,6350,"9-2019"
460,"Ulefone","Power 6 4/64GB Blue","Android",171,4335,4118,4780,12,6.3,64,6350,"9-2019"
461,"Ulefone","Power 6 4/64GB Red","Android",416,4211,3999,4520,16,6.3,64,6350,"10-2019"
462,"Ulefone","Power 6 4/64GB Red","Android",406,4211,3999,4520,16,6.3,64,6350,"10-2019"
463,"Motorola","RAZR 2019 XT200-1 Noir Black","Android",827,22713,21550,24999,3,6.4,128,2510,"4-2020"
464,"Motorola","RAZR 2019 XT2000-2 Noir Black","Android",972,22760,21550,28572,19,6.2,128,2510,"10-2020"
465,"ASUS","ROG Phone 3 Strix 12/128GB Black (90AI0031-M00010)","Android",973,18618,17970,19999,5,6.59,128,6000,"9-2020"
466,"ASUS","ROG Phone 3 ZS661KS 12/128GB Black (90AI0032-M00180)","Android",1140,18993,17589,20634,7,6.59,128,6000,"9-2020"
467,"ASUS","ROG Phone 3 ZS661KS 12/256GB Black","Android",1002,21964,21377,22400,5,6.59,256,6000,"9-2020"
468,"ASUS","ROG Phone 3 ZS661KS 12/512GB Black","Android",1088,28384,27299,29999,11,6.59,512,6000,"9-2020"
469,"Xiaomi","Redmi 10x 4G 4/128GB Blue","Android",1102,5133,4649,5600,10,6.53,128,5020,"6-2020"
470,"Xiaomi","Redmi 10x 4G 6/128GB Blue","Android",966,5761,5569,5999,7,6.53,128,5020,"6-2020"
471,"Xiaomi","Redmi 4x 2/16GB Black","Android",580,2358,2353,2363,2,5,16,4100,"3-2017"
472,"Xiaomi","Redmi 4x 2/16GB Gold","Android",597,2358,2353,2363,2,5,16,4100,"3-2017"
473,"Xiaomi","Redmi 4x 4/64GB Black","Android",1093,2826,2775,2850,4,5,64,4100,"8-2017"
474,"Xiaomi","Redmi 4x 4/64GB Gold","Android",850,2826,2775,2850,4,5,64,4100,"7-2017"
475,"Xiaomi","Redmi 5 3/32GB Gold","Android",743,3882,2940,4427,4,5.7,32,3300,"12-2017"
476,"Xiaomi","Redmi 5 Plus 4/64GB Black","Android",608,3463,3458,3469,2,5.9,64,4000,"12-2017"
477,"Xiaomi","Redmi 5 Plus 4/64GB Gold","Android",859,4265,3458,5349,4,5.9,64,4000,"12-2017"
478,"Xiaomi","Redmi 5A 2/16GB Gold","Android",715,2420,2150,2560,2,5,16,3080,"10-2017"
479,"Xiaomi","Redmi 5A 3/32GB Gold","Android",141,2400,2350,2450,2,5,32,3080,"4-2018"
480,"Xiaomi","Redmi 5A 3/32GB Gray","Android",358,2749,2350,3449,3,5,32,3080,"4-2018"
481,"Xiaomi","Redmi 5A 3/32GB Gray","Android",366,2749,2350,3449,3,5,32,3080,"4-2018"
482,"Xiaomi","Redmi 6 3/32GB Black","Android",878,2794,2670,2877,5,5.45,32,3000,"7-2018"
483,"Xiaomi","Redmi 6 3/32GB Gold","Android",758,2794,2670,2877,5,5.45,32,3000,"6-2018"
484,"Xiaomi","Redmi 6 3/64GB Gold","Android",343,3193,3054,3333,2,5.45,64,3000,"10-2018"
485,"Xiaomi","Redmi 6 3/64GB Gold","Android",362,3193,3054,3333,2,5.45,64,3000,"10-2018"
486,"Xiaomi","Redmi 6 4/64GB Black","Android",760,3480,2995,4654,5,5.45,64,3000,"8-2018"
487,"Xiaomi","Redmi 6 Pro 3/32GB Black","Android",657,3317,3233,3402,2,5.84,32,4000,"7-2018"
488,"Xiaomi","Redmi 6 Pro 4/64GB Black","Android",733,3627,3550,3675,3,5.84,64,4000,"7-2018"
489,"Xiaomi","Redmi 7 4/64GB Blue","Android",176,3671,3539,3785,4,6.26,64,4000,"3-2019"
490,"Xiaomi","Redmi 7 4/64GB Blue","Android",212,3671,3539,3785,4,6.26,64,4000,"3-2019"
491,"Xiaomi","Redmi 7a 3/32GB Black","Android",999,3468,3248,3762,6,5.45,32,4000,"7-2019"
492,"Xiaomi","Redmi 8 3/32GB Black","Android",1007,3559,3480,3599,3,6.22,32,5000,"10-2019"
493,"Xiaomi","Redmi 8 4/64GB Blue","Android",1188,3840,3449,4286,31,6.22,64,5000,"10-2019"
494,"Xiaomi","Redmi 8A 4/64GB Black","Android",1158,3503,3315,3950,28,6.22,64,5000,"4-2020"
495,"Xiaomi","Redmi 9 3/32GB Grey NFC","Android",1151,4047,3795,4854,69,6.53,32,5020,"6-2020"
496,"Xiaomi","Redmi 9 3/32GB Purple no NFC","Android",654,4099,3733,4840,11,6.53,32,5020,"11-2020"
497,"Xiaomi","Redmi 9 4/128GB Blue (no NFC)","Android",367,4960,4690,5588,8,6.53,128,5020,"10-2020"
498,"Xiaomi","Redmi 9 4/128GB Blue (no NFC)","Android",359,4960,4690,5588,8,6.53,128,5020,"10-2020"
499,"Xiaomi","Redmi 9 4/128GB Green (no NFC)","Android",263,4822,4740,4929,3,6.53,128,5020,"10-2020"
500,"Xiaomi","Redmi 9 4/128GB Green (no NFC)","Android",275,4822,4740,4929,3,6.53,128,5020,"10-2020"
501,"Xiaomi","Redmi 9 4/128GB Grey (no NFC)","Android",615,4861,4638,5238,14,6.53,128,5020,"10-2020"
502,"Xiaomi","Redmi 9 4/128GB Pink (no NFC)","Android",748,4846,4690,5029,14,6.53,128,5020,"10-2020"
503,"Xiaomi","Redmi 9 4/64GB Grey NFC","Android",1206,4492,4295,5254,47,6.53,64,5020,"6-2020"
504,"Xiaomi","Redmi 9 4/64Gb Pink (no NFC)","Android",976,4316,4077,4745,8,6.53,64,5020,"11-2020"
505,"Xiaomi","Redmi 9 6/128GB Grey (no NFC)","Android",1015,5179,4740,5663,13,6.53,128,5020,"10-2020"
506,"Xiaomi","Redmi 9A 2/32GB Granite Gray","Android",1142,3163,2898,4155,62,6.53,32,5000,"7-2020"
507,"Xiaomi","Redmi 9C 2/32GB Midnight Gray","Android",934,3490,3293,4302,36,6.53,32,5000,"8-2020"
508,"Xiaomi","Redmi 9C 3/64GB Midnight Gray","Android",1123,3778,3697,4499,10,6.53,64,5000,"8-2020"
509,"Xiaomi","Redmi 9C NFC 2/32GB Midnight Gray","Android",863,3484,3199,3809,29,6.53,32,5000,"8-2020"
510,"Xiaomi","Redmi 9C NFC 3/64GB Midnight Gray","Android",796,4256,3599,4920,3,6.53,64,5000,"8-2020"
511,"Xiaomi","Redmi 9T 4/128GB Twilight Blue","Android",1107,6064,5847,6600,10,6.53,128,6000,"1-2021"
512,"Xiaomi","Redmi K30 6/128GB Purple","Android",582,8000,7850,8200,3,6.67,128,4500,"5-2020"
513,"Xiaomi","Redmi K30 8/128GB Purple","Android",1138,7725,7350,8499,16,6.67,128,4500,"5-2020"
514,"Xiaomi","Redmi K30 8/256GB Red","Android",699,8577,8220,9214,7,6.67,256,4500,"5-2020"
515,"Xiaomi","Redmi Note 4x 3/32GB Black","Android",945,2675,2560,2789,4,5.5,32,4100,"2-2017"
516,"Xiaomi","Redmi Note 4x 4/64GB Black","Android",1127,2809,2730,2889,2,5.5,64,4100,"5-2017"
517,"Xiaomi","Redmi Note 4x 4/64GB Gold","Android",781,2809,2730,2889,2,5.5,64,4100,"5-2017"
518,"Xiaomi","Redmi Note 5 3/32GB Black","Android",937,3320,3316,3325,2,5.9,32,4000,"5-2018"
519,"Xiaomi","Redmi Note 5 3/32GB Gold","Android",717,3671,3260,4779,4,5.9,32,4000,"5-2018"
520,"Xiaomi","Redmi Note 5 3/32GB Rose Gold","Android",347,3595,3377,3814,4,5.9,32,4000,"5-2018"
521,"Xiaomi","Redmi Note 5 4/64GB Gold","Android",1120,3451,2999,3639,5,5.99,64,4000,"5-2018"
522,"Xiaomi","Redmi Note 6 Pro 4/64GB Blue","Android",420,5010,4873,5147,2,6.26,64,4000,"10-2018"
523,"Xiaomi","Redmi Note 6 Pro 4/64GB Rose Gold","Android",392,5010,4873,5147,2,6.26,64,4000,"10-2018"
524,"Xiaomi","Redmi Note 7 4/64GB Black","Android",1068,4323,4250,4459,3,6.3,64,4000,"1-2019"
525,"Xiaomi","Redmi Note 8 3/32GB Blue","Android",971,4304,4299,4309,2,6.3,32,4000,"11-2019"
526,"Xiaomi","Redmi Note 8 4/128GB Black","Android",912,5261,4999,5701,8,6.3,128,4000,"10-2019"
527,"Xiaomi","Redmi Note 8 4/64GB Blue","Android",1171,4888,4499,5275,11,6.3,64,4000,"9-2019"
528,"Xiaomi","Redmi Note 8 6/128GB Blue","Android",967,5514,5260,5990,7,6.3,128,4000,"9-2019"
529,"Xiaomi","Redmi Note 8 6/64GB White","Android",771,5164,4999,5329,2,6.3,64,4000,"8-2020"
530,"Xiaomi","Redmi Note 8 Pro 6/128GB Green","Android",1125,6811,6435,7264,31,6.53,128,4500,"9-2019"
531,"Xiaomi","Redmi Note 8 Pro 6/64GB Green","Android",1193,6164,5699,6600,39,6.53,64,4500,"9-2019"
532,"Xiaomi","Redmi Note 9 3/64GB Grey (no NFC)","Android",465,4834,4773,4895,2,6.53,64,5020,"7-2020"
533,"Xiaomi","Redmi Note 9 3/64GB Grey NFC","Android",1170,5085,4649,6099,45,6.53,64,5020,"5-2020"
534,"Xiaomi","Redmi Note 9 4/128GB Grey NFC","Android",1200,5648,5399,6353,49,6.53,128,5020,"5-2020"
535,"Xiaomi","Redmi Note 9 4/128GB White (no NFC)","Android",646,5210,5104,5489,5,6.53,128,5020,"7-2020"
536,"Xiaomi","Redmi Note 9 Pro 4/64GB Interstellar Grey","Android",757,7014,6999,7030,2,6.67,64,5020,"11-2020"
537,"Xiaomi","Redmi Note 9 Pro 6/128GB Grey","Android",1219,7427,7025,7999,99,6.67,128,5020,"5-2020"
538,"Xiaomi","Redmi Note 9 Pro 6/64GB Green","Android",1201,6820,6395,7204,102,6.67,64,5020,"5-2020"
539,"Xiaomi","Redmi Note 9S 4/64GB Grey","Android",1196,5754,5295,6555,30,6.67,64,5020,"4-2020"
540,"Xiaomi","Redmi Note 9S 6/128GB Grey","Android",1137,6576,6232,7239,16,6.67,128,5020,"4-2020"
541,"Xiaomi","Redmi Note 9T 4/128GB Nightfall Black","Android",763,8442,7780,8999,6,6.53,128,5000,"1-2021"
542,"Xiaomi","Redmi Note 9T 4/64GB Daybreak Purple","Android",958,7682,6999,8499,10,6.53,64,5000,"1-2021"
543,"OPPO","Reno 4 Lite 8/128GB Magic Blue","Android",991,10221,8668,12760,57,6.43,128,4025,"9-2020"
544,"OPPO","Reno 4 Pro 8/256GB Starry Night","Android",1020,15361,13399,18478,54,6.5,256,4000,"9-2020"
545,"OPPO","Reno 6/256GB Ocean Green","Android",751,10341,9929,10699,11,6.4,256,3765,"4-2020"
546,"OPPO","Reno2 8/256GB Ocean Blue","Android",1060,12535,12020,13036,20,6.5,256,4000,"12-2019"
547,"OPPO","Reno2 Z 8/128GB Black","Android",974,8450,8120,8999,20,6.5,128,4000,"12-2019"
548,"OPPO","Reno4 Z 5G 8/128GB Black","Android",349,10974,10750,11369,9,6.57,128,4000,"10-2020"
549,"Ulefone","S1 1/8GB Black","Android",34,1697,1594,1799,3,5.5,8,3000,"11-2018"
550,"Ulefone","S1 1/8GB Black","Android",84,1697,1594,1799,3,5.5,8,3000,"11-2018"
551,"Bluboo","S1 Black","Android",58,3032,3015,3050,2,5.5,64,3500,"10-2017"
552,"CAT","S31 Black","Android",591,6718,6199,8668,12,4.7,16,4000,"2-2018"
553,"DOOGEE","S40 3/32GB Black","Android",924,2939,2740,3699,20,5.5,32,4650,"8-2019"
554,"DOOGEE","S40 Lite 2/16GB Black","Android",288,2707,2199,3029,17,5.5,16,4650,"8-2020"
555,"DOOGEE","S40 Lite 2/16GB Black","Android",300,2707,2199,3029,17,5.5,16,4650,"8-2020"
556,"DOOGEE","S40 Lite 2/16GB Black","Android",324,2707,2199,3029,17,5.5,16,4650,"8-2020"
557,"DOOGEE","S40 Pro 4/64GB Black","Android",552,3590,3269,3795,10,5.45,64,4650,"11-2020"
558,"DOOGEE","S40 Pro 4/64GB Black","Android",557,3590,3269,3795,10,5.45,64,4650,"11-2020"
559,"CAT","S42 Dual Black","Android",631,9148,8800,9699,12,5.5,32,4200,"9-2020"
560,"Lenovo","S5 4/64GB Pink","Android",498,3245,3230,3260,2,5.7,64,3000,"7-2019"
561,"Lenovo","S5 Pro 6/64GB Black","Android",727,4183,4149,4218,2,6.2,64,3500,"3-2019"
562,"Lenovo","S5 Pro 6/64Gb Gold","Android",586,3957,3799,4149,5,6.2,64,3500,"8-2019"
563,"CAT","S52","Android",784,13259,11190,17896,39,5.65,64,3100,"11-2019"
564,"DOOGEE","S55 4/64GB Black","Android",647,3527,3370,3689,8,5.5,64,5500,"2-2019"
565,"Philips","S561 3/32GB Black","Android",862,2872,2699,2908,17,5.45,32,4000,"1-2020"
566,"DOOGEE","S58 Pro 6/64GB Black","Android",986,4998,4270,5999,22,5.71,64,5180,"9-2020"
567,"CAT","S60","Android",809,10977,10537,11628,31,4.7,32,3800,"8-2016"
568,"DOOGEE","S60 Lite 4/32GB Black","Android",297,3789,3549,4161,7,5.2,32,5580,"5-2018"
569,"DOOGEE","S60 Lite 4/32GB Black","Android",336,3789,3549,4161,7,5.2,32,5580,"5-2018"
570,"CAT","S61 Black","Android",777,25649,18730,31317,53,5.2,64,4500,"8-2018"
571,"CAT","S62 Pro","Android",1051,19229,18750,20698,21,5.7,128,4000,"9-2020"
572,"DOOGEE","S68 Pro 6/128GB Black","Android",848,6680,5410,8699,36,5.9,128,6300,"1-2020"
573,"DOOGEE","S88 Pro 6/128GB Black","Android",1053,6514,5439,7299,13,6.3,128,10000,"8-2020"
574,"DOOGEE","S90C 4/128GB Black","Android",476,5612,4899,6128,6,6.18,128,5050,"8-2020"
575,"DOOGEE","S90C 4/64GB GIFT Orange","Android",68,8071,5649,9418,6,6.18,64,5050,"4-2020"
576,"DOOGEE","S95 Pro 8/128GB Black","Android",955,8904,8599,9499,13,6.3,128,5150,"2-2020"
577,"DOOGEE","S95 Pro 8/256GB Mineral Black","Android",445,9430,9249,9649,7,6.3,256,5150,"7-2020"
578,"DOOGEE","S96 Pro 8/128GB Black","Android",534,7791,7599,8237,8,6.22,128,6350,"1-2021"
579,"DOOGEE","S96 Pro 8/128GB Green","Android",139,7842,7599,8237,5,6.22,128,6350,"1-2021"
580,"DOOGEE","S96 Pro 8/128GB Orange","Android",438,7903,7679,8237,4,6.22,128,6350,"1-2021"
581,"Archos","Sense 55S 16GB Black","Android",72,2775,2222,2899,8,5.5,16,3000,"3-2018"
582,"Vodafone","Smart Ultra Dark Gray","Android",593,2142,1785,2499,2,5.5,16,2960,"1-2017"
583,"Tecno","Spark 4 Lite 2/32GB Midnight Black (4895180754593)","Android",656,2321,2111,2599,6,6.52,32,4000,"5-2020"
584,"Tecno","Spark 5 Pro KD7 4/128GB DS Spark Orange","Android",1058,3762,3333,3999,49,6.6,128,5000,"7-2020"
585,"Tecno","Spark 5 Pro KD7 4/64GB DS Spark Orange","Android",1074,3583,3177,3799,51,6.6,64,5000,"7-2020"
586,"Tecno","Spark 6 Go KE5 2/32GB Aqua Blue (4895180762383)","Android",837,2769,2497,2899,38,6.52,32,5000,"10-2020"
587,"Tecno","Spark 6 Go KE5j 3/64GB Aqua Blue (4895180762918)","Android",799,3193,2899,3399,34,6.52,64,5000,"11-2020"
588,"Tecno","Spark 6 KE7 4/128GB Comet Black (4895180762079)","Android",1005,4129,3740,4399,45,6.8,128,5000,"11-2020"
589,"Tecno","Spark 6 KE7 4/64GB Ocean Blue (4895180762024)","Android",983,3750,3399,3999,44,6.8,64,5000,"11-2020"
590,"Microsoft","Surface Duo 6GB/256GB (TGM-00001)","Android",501,44232,42999,46879,5,8.1,256,3577,"1-2021"
591,"Elephone","U 6/128GB Black","Android",518,5095,4897,5400,3,5.99,128,3620,"11-2019"
592,"HTC","U11 4/64GB Black 99HAMB075-00","Android",682,5649,5399,5899,2,5.5,64,3000,"6-2017"
593,"HTC","U20 5G 8/256GB White","Android",579,19649,18895,20999,10,6.8,256,5000,"11-2020"
594,"Elephone","U3H 8/256GB Black","Android",372,6615,6499,6726,3,6.53,256,3500,"6-2020"
595,"Elephone","U3H 8/256GB Black","Android",354,6615,6499,6726,3,6.53,256,3500,"6-2020"
596,"vivo","V20 8/128GB Midnight Jazz","Android",894,11632,10420,11999,26,6.44,128,4000,"10-2020"
597,"vivo","V20 8/128GB Sunset Melody","Android",935,11360,10499,11999,9,6.44,128,4000,"10-2020"
598,"vivo","V20 SE 8/128GB Gravity Black","Android",684,8762,7869,8999,9,6.44,128,4100,"10-2020"
599,"LG","V40 ThinQ 4/64GB Aurora Black","Android",919,6874,6699,7049,2,6.4,128,3300,"11-2019"
600,"LG","V50 ThinQ 5G 6/128GB Single Sim Black","Android",1081,9798,9299,10099,3,6.4,128,4000,"10-2019"
601,"LG","V50S ThinQ 5G 8/256GB Aurora Black","Android",1100,10499,9999,10999,2,6.4,256,4000,"5-2020"
602,"Honor","V9 6/64GB Red","Android",344,6186,6102,6270,2,5.7,64,4000,"10-2018"
603,"Honor","V9 6/64GB Red","Android",363,6186,6102,6270,2,5.7,64,4000,"10-2018"
604,"LG","Velvet 5G LM-G900EM 6/128GB Aurora Gray","Android",779,15525,15169,16016,7,6.8,128,4300,"12-2020"
605,"Oukitel","WP1 4/64GB Black","Android",9,3404,3299,3509,2,5.5,64,5000,"2-2019"
606,"Oukitel","WP2 4/64GB Black","Android",681,4449,4390,4549,7,6,64,10000,"2-2019"
607,"Oukitel","WP2 4/64GB Gold","Android",33,4433,4360,4539,3,6,64,10000,"2-2019"
608,"Oukitel","WP5 3/32GB Black","Android",728,3149,2999,3449,3,5.5,32,8000,"4-2020"
609,"Oukitel","WP5 Pro 4/64GB Black","Android",969,3813,3719,3949,14,5.5,64,8000,"8-2020"
610,"Oukitel","WP6 4/128GB Black","Android",1085,5231,4960,5759,13,6.3,128,10000,"9-2020"
611,"Oukitel","WP6 6/128GB Black","Android",939,6628,6365,7040,16,6.3,128,10000,"6-2020"
612,"Oukitel","WP7 8/128GB Black","Android",932,9981,9072,12179,21,6.53,128,8000,"6-2020"
613,"Oukitel","WP8 Pro 4/64GB Black","Android",820,4897,3810,13499,11,6.49,64,5000,"11-2020"
614,"Vernee","X 4/64GB Black","Android",766,2823,2797,2850,2,6,64,6200,"10-2018"
615,"Samsung","X Cover 4s G398F (SM-G398FZKD)","Android",944,7130,5630,7499,33,5,32,2800,"8-2019"
616,"LG","X Screen 16GB Single K500n White","Android",348,2749,2699,2799,2,4.93,16,2300,"10-2019"
617,"Sigma mobile","X-TREME PQ39 ULTRA Black","Android",723,9323,7999,9555,37,5.5,128,9000,"11-2020"
618,"Sigma mobile","X-TREME PQ39 ULTRA Black-Green","Android",485,9348,8070,9555,23,5.5,128,9000,"11-2020"
619,"Sigma mobile","X-TREME PQ54 MAX","Android",903,6883,5999,7408,27,5.7,64,6500,"11-2020"
620,"Sigma mobile","X-style S3500 sKai Black","KAIOS",832,1036,899,1059,42,2.4,4,2000,"9-2019"
621,"Sigma mobile","X-treme PQ20 Black","Android",822,2552,2199,3399,42,5,8,5000,"8-2019"
622,"Sigma mobile","X-treme PQ20 Black Orange","Android",360,2546,2280,3399,39,5,8,5000,"8-2019"
623,"Sigma mobile","X-treme PQ20 Black Orange","Android",368,2546,2280,3399,39,5,8,5000,"8-2019"
624,"Sigma mobile","X-treme PQ29 Black","Android",237,4175,3999,4486,27,5,16,5000,"4-2019"
625,"Sigma mobile","X-treme PQ29 Black-Orange","Android",371,4074,3680,4455,25,5,16,5000,"4-2019"
626,"Sigma mobile","X-treme PQ29 Black-Orange","Android",353,4074,3680,4455,25,5,16,5000,"4-2019"
627,"Sigma mobile","X-treme PQ36 Black","Android",812,4606,4399,4777,8,5.45,32,5000,"4-2020"
628,"Sigma mobile","X-treme PQ36 Orange","Android",618,4671,4180,4777,8,5.45,32,5000,"4-2020"
629,"Sigma mobile","X-treme PQ52 Black-Orange","Android",42,3999,3599,4399,2,5,32,3000,"2-2018"
630,"Sigma mobile","X-treme PQ53 Black","Android",182,4983,4077,5199,38,5.7,16,5000,"10-2018"
631,"Sigma mobile","X-treme PQ54 Black (4827798865712)","Android",67,6603,6388,6799,3,5.7,32,6500,"12-2018"
632,"Cubot","X19 4/64GB Black","Android",78,3016,2993,3048,3,5.93,64,4000,"8-2020"
633,"Cubot","X20 Pro 6/128GB Black","Android",315,4265,4160,4370,4,6.3,128,4000,"6-2020"
634,"AGM","X3 6/64GB Black","Android",831,11278,9999,12376,7,5.99,64,4100,"11-2019"
635,"realme","X50 5G 6/128GB Jungle Green","Android",679,9049,8999,9099,2,6.57,128,4200,"10-2020"
636,"vivo","X50 8/128GB Frost Blue","Android",829,15507,13849,17289,24,6.56,128,4315,"7-2020"
637,"vivo","X50 8/128GB Graze Black","Android",892,15505,13849,17289,25,6.56,128,4315,"7-2020"
638,"realme","X50 Pro 5G 8/256GB Rust Red","Android",902,14785,14430,15239,7,6.44,256,4200,"1-2021"
639,"vivo","X50 Pro 8/256GB Alpha Grey","Android",981,24519,22099,26879,14,6.56,256,4315,"7-2020"
640,"DOOGEE","X60L Matte Black (6924351653118)","Android",16,2200,2149,2251,2,5.5,16,3300,"4-2018"
641,"Nokia","X7 Dual Sim 6/128GB Black","Android",250,7515,7357,7757,4,6.18,128,3500,"10-2019"
642,"Nokia","X7 Dual Sim 6/64GB Black","Android",652,6916,6333,7524,6,6.18,64,3500,"8-2019"
643,"DOOGEE","X90 1/16GB Black","Android",725,1844,1333,2089,7,6.1,16,3400,"5-2019"
644,"DOOGEE","X90 1/16GB Blue","Android",479,1967,1779,2089,4,6.1,16,3400,"5-2019"
645,"DOOGEE","X90 1/16GB Gold","Android",30,1949,1775,2249,11,6.1,16,3400,"5-2019"
646,"DOOGEE","X90 1/16GB Gold","Android",24,1949,1775,2249,11,6.1,16,3400,"5-2019"
647,"DOOGEE","X95 2/16GB Black","Android",677,2494,2040,2799,19,6.52,16,4350,"6-2020"
648,"DOOGEE","X95 2/16GB Green","Android",457,2517,2090,2923,28,6.52,16,4350,"6-2020"
649,"DOOGEE","X95 2/16GB Green","Android",447,2517,2090,2923,28,6.52,16,4350,"6-2020"
650,"Sony","Xperia 1 II XQ-AT52 12/256GB Mirror Lake Green","Android",1001,34165,31520,36999,18,6.5,256,4000,"12-2020"
651,"Sony","Xperia 1 II XQ-AT52 8/256GB Purple","Android",1066,31426,29990,33999,20,6.5,256,4000,"8-2020"
652,"Sony","Xperia 1 J9110 Black","Android",1028,18063,17480,18999,21,6.5,128,3330,"6-2019"
653,"Sony","Xperia 10 II 4/128GB Mint","Android",1143,10887,10319,11990,15,6,128,3600,"8-2020"
654,"Sony","Xperia 5 II 8/256GB Blue","Android",1025,29927,28549,31894,18,6.1,256,4000,"10-2020"
655,"Sony","Xperia 5 J9210 6/128GB Black","Android",1014,17475,16980,18499,21,6.1,128,3140,"9-2019"
656,"Sony","Xperia Z5 Dual E6683 (White)","Android",565,5244,5143,5415,5,5.2,32,2900,"9-2015"
657,"LEAGOO","Xrover C 2/16GB Black","Android",69,2684,2599,2769,2,5.72,16,5000,"3-2020"
658,"vivo","Y15 4/64GB Aqua Blue","Android",627,4249,3960,4915,16,6.35,64,5000,"7-2019"
659,"vivo","Y15 4/64GB Aqua Blue","Android",623,4249,3960,4915,16,6.35,64,5000,"7-2019"
660,"vivo","Y15 4/64GB Burgundy Red","Android",573,4356,4145,4499,6,6.35,64,5000,"7-2019"
661,"vivo","Y19 4/128GB Black","Android",739,4998,4997,4999,2,6.53,128,5000,"12-2019"
662,"vivo","Y1S 2/32GB Black","Android",680,3117,2849,3729,43,6.22,32,4030,"7-2020"
663,"vivo","Y1S 2/32GB Blue","Android",574,3080,2850,3209,47,6.22,32,4030,"7-2020"
664,"vivo","Y20 4/64GB Nebula Blue","Android",810,4732,4299,4999,40,6.51,64,5000,"10-2020"
665,"vivo","Y20 4/64GB Obsidian Black","Android",928,4752,4299,5296,36,6.51,64,5000,"10-2020"
666,"vivo","Y30 4/64GB Black","Android",587,4481,4399,4499,7,6.47,64,5000,"7-2020"
667,"vivo","Y30 4/64GB Blue","Android",896,4467,4349,4499,8,6.47,64,5000,"7-2020"
668,"HUAWEI","Y5 2019 2/16GB Black (51093SHA)","Android",595,2742,2689,2799,9,5.71,16,3020,"5-2019"
669,"HUAWEI","Y5 2019 2/16GB Black (51093SHA)","Android",602,2742,2689,2799,9,5.71,16,3020,"5-2019"
670,"HUAWEI","Y5 2019 2/16GB Brown (51093SHE)","Android",787,2768,2599,3109,12,5.71,16,3020,"5-2019"
671,"HUAWEI","Y5p 2/32GB Mint Green (51095MUB)","Android",961,2598,2399,2699,10,5.45,32,3020,"5-2020"
672,"HUAWEI","Y6 2019 DS Amber Brown (51093PMR)","Android",575,3195,2999,3299,3,6.09,32,3020,"3-2019"
673,"HUAWEI","Y6 2019 DS Amber Brown (51093PMR)","Android",577,3195,2999,3299,3,6.09,32,3020,"3-2019"
674,"HUAWEI","Y6 2019 DS Blue","Android",352,3121,2829,3299,5,6.09,32,3020,"4-2019"
675,"HUAWEI","Y6 2019 DS Blue","Android",370,3121,2829,3299,5,6.09,32,3020,"4-2019"
676,"HUAWEI","Y6 2019 DS Midnight Black (51093PMP)","Android",791,2974,2699,3299,8,6.09,32,3020,"3-2019"
677,"HUAWEI","Y6 Pro (Gold)","Android",408,2687,2666,2708,2,5,16,4000,"3-2016"
678,"HUAWEI","Y6p 3/64GB Midnight Black (51095KYP)","Android",1086,3812,3330,4199,44,6.3,64,5000,"5-2020"
679,"HUAWEI","Y6s 3/32GB Orhid Blue (51094WBU)","Android",260,3516,3299,3888,5,6.09,32,3020,"1-2020"
680,"HUAWEI","Y6s 3/32GB Orhid Blue (51094WBU)","Android",272,3516,3299,3888,5,6.09,32,3020,"1-2020"
681,"HUAWEI","Y6s 3/32GB Starry Black (51094WBW)","Android",789,3496,3199,3888,5,6.09,32,3020,"1-2020"
682,"HUAWEI","Y7 2019 3/32GB Coral Red (51093HEW)","Android",550,3702,3499,4009,3,6.26,32,4000,"2-2019"
683,"HUAWEI","Y7 2019 3/32GB Coral Red (51093HEW)","Android",555,3702,3499,4009,3,6.26,32,4000,"2-2019"
684,"ASUS","Zenfone 5 ZE620KL 4/64GB Blue (ZE620KL-1A012WW)","Android",893,5663,5528,5799,2,6.2,64,3300,"3-2018"
685,"ASUS","Zenfone 7 Pro ZS671KS 8/256GB Black","Android",980,27417,26290,31299,23,6.67,256,5000,"10-2020"
686,"ASUS","Zenfone 7 ZS670KS 8/128GB Black","Android",1012,21435,20650,23799,20,6.67,128,5000,"10-2020"
687,"Apple","iPhone 11 128GB Black (MWLE2)","iOS",1215,22320,19740,25178,100,6.1,128,3110,"9-2019"
688,"Apple","iPhone 11 128GB Dual Sim Black (MWN72)","iOS",968,23176,20868,25645,37,6.1,128,3110,"9-2019"
689,"Apple","iPhone 11 128GB Slim Box Black (MHDH3)","iOS",1106,22105,20469,25248,46,6.1,128,3110,"11-2020"
690,"Apple","iPhone 11 256GB Black (MWLL2)","iOS",1090,25919,21432,28499,76,6.1,256,3110,"9-2019"
691,"Apple","iPhone 11 256GB Slim Box Black (MHDP3)","iOS",635,26090,24299,29999,27,6.1,256,3110,"11-2020"
692,"Apple","iPhone 11 64GB Black (MWLT2)","iOS",1221,20889,18200,26499,93,6.1,64,3110,"9-2019"
693,"Apple","iPhone 11 64GB Dual Sim White (MWN12)","iOS",804,20986,19458,25290,33,6.1,64,3110,"9-2019"
694,"Apple","iPhone 11 64GB Slim Box Black (MHDA3)","iOS",854,21228,19380,24999,37,6.1,64,3110,"11-2020"
695,"Apple","iPhone 11 Pro 256GB Dual Sim Midnight Green (MWDH2)","iOS",708,33505,31199,38003,21,5.8,256,3190,"10-2019"
696,"Apple","iPhone 11 Pro 256GB Midnight Green (MWCQ2)","iOS",1189,31724,26700,38999,94,5.8,256,3190,"9-2019"
697,"Apple","iPhone 11 Pro 512GB Dual Sim Silver (MWDK2)","iOS",564,36188,31899,50670,39,5.8,512,3190,"10-2019"
698,"Apple","iPhone 11 Pro 512GB Midnight Green (MWCV2)","iOS",943,34617,29610,45999,76,5.8,512,3190,"9-2019"
699,"Apple","iPhone 11 Pro 64GB Dual Sim Silver (MWDA2)","iOS",542,29614,24534,32162,33,5.8,64,3190,"10-2019"
700,"Apple","iPhone 11 Pro 64GB Space Gray (MWC22/MWCH2)","iOS",1207,28735,22842,32999,78,5.8,64,3190,"9-2019"
701,"Apple","iPhone 11 Pro Max 256GB Dual Sim Gold (MWF32)","iOS",756,38918,32699,48020,16,6.5,256,3969,"10-2019"
702,"Apple","iPhone 11 Pro Max 256GB Midnight Green (MWH72)","iOS",1119,35280,30174,42499,82,6.5,256,3969,"9-2019"
703,"Apple","iPhone 11 Pro Max 512GB Dual Sim Silver (MWF62)","iOS",379,42968,37639,46399,34,6.5,512,3969,"10-2019"
704,"Apple","iPhone 11 Pro Max 512GB Space Gray (MWH82)","iOS",1069,38447,28050,49499,73,6.5,512,3969,"9-2019"
705,"Apple","iPhone 11 Pro Max 64GB Dual Sim Space Gray (MWEV2)","iOS",628,32583,29328,35717,37,6.5,64,3969,"10-2019"
706,"Apple","iPhone 11 Pro Max 64GB Dual Sim Space Gray (MWEV2)","iOS",624,32583,29328,35717,37,6.5,64,3969,"10-2019"
707,"Apple","iPhone 11 Pro Max 64GB Space Gray (MWGY2/MWHD2)","iOS",1176,32053,26999,40999,75,6.5,64,3969,"9-2019"
708,"Apple","iPhone 12 128GB Black (MGJA3/MGHC3)","iOS",1213,28735,25380,35499,125,6.1,128,2815,"10-2020"
709,"Apple","iPhone 12 128GB Dual Sim Black (MGGU3)","iOS",846,29168,27847,36530,32,6.1,128,2815,"10-2020"
710,"Apple","iPhone 12 256GB Black (MGJG3/MGHH3)","iOS",1091,31795,29328,38999,93,6.1,256,2815,"10-2020"
711,"Apple","iPhone 12 256GB Dual Sim Black (MGH13)","iOS",735,33660,30992,39340,22,6.1,256,2815,"10-2020"
712,"Apple","iPhone 12 64GB Blue (MGJ83/MGH93)","iOS",1205,26840,24665,33499,117,6.1,64,2815,"10-2020"
713,"Apple","iPhone 12 64GB Dual Sim (PRODUCT)RED (MGGP3)","iOS",987,25792,24299,33720,40,6.1,64,2815,"10-2020"
714,"Apple","iPhone 12 Pro 128GB Dual Sim Pacific Blue (MGLD3)","iOS",1043,35507,33550,42999,37,6.1,128,2815,"10-2020"
715,"Apple","iPhone 12 Pro 128GB Pacific Blue (MGMN3/MGLR3)","iOS",1224,33992,31849,42999,101,6.1,128,2815,"10-2020"
716,"Apple","iPhone 12 Pro 256GB Dual Sim Pacific Blue (MGLH3)","iOS",996,38912,36299,48999,38,6.1,256,2815,"10-2020"
717,"Apple","iPhone 12 Pro 256GB Pacific Blue (MGMT3/MGLW3)","iOS",1198,37068,34745,53731,94,6.1,256,2815,"10-2020"
718,"Apple","iPhone 12 Pro 512GB Dual Sim Pacific Blue (MGLM3)","iOS",724,46503,44199,50760,29,6.1,512,2815,"10-2020"
719,"Apple","iPhone 12 Pro 512GB Pacific Blue (MGMX3/MGM43)","iOS",873,44716,41996,51999,82,6.1,512,2815,"10-2020"
720,"Apple","iPhone 12 Pro Max 128GB Dual Sim Graphite (MGC03)","iOS",1046,37574,35941,46999,38,6.7,128,3687,"11-2020"
721,"Apple","iPhone 12 Pro Max 128GB Graphite (MGD73)","iOS",1216,37455,33692,46999,115,6.7,128,3687,"10-2020"
722,"Apple","iPhone 12 Pro Max 256GB Dual Sim Pacific Blue (MGC73)","iOS",997,41729,39620,50999,30,6.7,256,3687,"11-2020"
723,"Apple","iPhone 12 Pro Max 256GB Pacific Blue (MGDF3)","iOS",1203,40910,37216,50499,120,6.7,256,3687,"10-2020"
724,"Apple","iPhone 12 Pro Max 512GB Dual Sim Pacific Blue (MGCE3)","iOS",872,49242,45120,64999,33,6.7,512,3687,"11-2020"
725,"Apple","iPhone 12 Pro Max 512GB Pacific Blue (MGDL3)","iOS",1103,46325,43396,57999,92,6.7,512,3687,"10-2020"
726,"Apple","iPhone 12 mini 128GB Black (MGE33)","iOS",1183,25687,23293,31499,111,5.4,128,2227,"10-2020"
727,"Apple","iPhone 12 mini 256GB Black (MGE93)","iOS",995,31369,28599,35499,81,5.4,256,2227,"10-2020"
728,"Apple","iPhone 12 mini 64GB Black (MGDX3)","iOS",1195,23939,21150,31672,112,5.4,64,2227,"10-2020"
729,"Apple","iPhone 5S 16GB Space Gray (ME432)","iOS",780,4691,3499,5827,6,4,16,1570,"9-2013"
730,"Apple","iPhone 5S 32GB (Space Gray)","iOS",524,3704,3699,3713,3,4,32,1570,"9-2013"
731,"Apple","iPhone 6 16GB Space Gray (MG472)","iOS",589,4266,4230,4290,3,4.7,16,1810,"9-2014"
732,"Apple","iPhone 6 32GB Space Grey (MQ3D2)","iOS",644,6988,4550,8137,5,4.7,32,1810,"3-2017"
733,"Apple","iPhone 6 64GB Space Gray (MG4F2)","iOS",716,4623,4500,4794,4,4.7,64,1810,"9-2014"
734,"Apple","iPhone 6 Plus 16GB (Silver)","iOS",313,5242,5239,5248,3,5.5,16,2915,"9-2014"
735,"Apple","iPhone 6 Plus 64GB Space Gray (MGAH2)","iOS",341,5889,5889,5890,2,5.5,64,2915,"9-2014"
736,"Apple","iPhone 6s 128GB Space Gray (MKQT2)","iOS",402,6876,6319,7990,3,4.7,128,1715,"9-2015"
737,"Apple","iPhone 6s 128GB Space Gray (MKQT2)","iOS",412,6876,6319,7990,3,4.7,128,1715,"9-2015"
738,"Apple","iPhone 6s 16GB Space Gray (MKQJ2)","iOS",640,5181,4899,5990,4,4.7,16,1715,"9-2015"
739,"Apple","iPhone 6s 32GB Space Gray (MN0W2)","iOS",922,5917,4394,9824,7,4.7,32,1715,"9-2016"
740,"Apple","iPhone 6s 64GB Space Gray (MKQN2)","iOS",687,9057,5699,10992,9,4.7,64,1715,"9-2015"
741,"Apple","iPhone 6s Plus 32GB Space Gray (MN2V2)","iOS",683,9422,6900,10406,8,5.5,32,2915,"9-2016"
742,"Apple","iPhone 6s Plus 64GB Space Gray (MKU62)","iOS",754,7074,6800,7499,4,5.5,64,2915,"9-2015"
743,"Apple","iPhone 7 128GB Jet Black (MN962)","iOS",1121,11829,6193,16327,21,4.7,128,1960,"9-2016"
744,"Apple","iPhone 7 256GB Black (MN972)","iOS",351,12446,8000,18016,10,4.7,256,1960,"9-2016"
745,"Apple","iPhone 7 256GB Black (MN972)","iOS",369,12446,8000,18016,10,4.7,256,1960,"9-2016"
746,"Apple","iPhone 7 32GB Black (MN8X2)","iOS",1169,9571,5987,12949,37,4.7,32,1960,"9-2016"
747,"Apple","iPhone 7 Plus 128GB Black (MN4M2)","iOS",1110,14468,8699,19705,42,5.5,128,2900,"9-2016"
748,"Apple","iPhone 7 Plus 256GB Rose Gold (MN502)","iOS",885,16392,7447,22520,12,5.5,256,2900,"9-2016"
749,"Apple","iPhone 7 Plus 32GB Black (MNQM2)","iOS",1032,12412,8100,17735,31,5.5,32,2900,"9-2016"
750,"Apple","iPhone 7 Plus 32GB Black (MNQM2)","iOS",1033,12412,8100,17735,31,5.5,32,2900,"9-2016"
751,"Apple","iPhone SE 128GB Space Grey (MP862)","iOS",774,10260,6100,12645,3,4,128,1624,"3-2017"
752,"Apple","iPhone SE 16GB Space Gray (MLLN2)","iOS",853,6240,4200,7524,3,4,16,1624,"3-2016"
753,"Apple","iPhone SE 2020 128GB Black (MXD02/MXCW2)","iOS",1112,15533,13899,17569,97,4.7,128,1828,"4-2020"
754,"Apple","iPhone SE 2020 128GB Slim Box Black (MHGT3)","iOS",755,15937,14200,18999,29,4.7,128,1828,"11-2020"
755,"Apple","iPhone SE 2020 256GB Black (MXVT2/MXVP2)","iOS",977,17076,15087,20499,67,4.7,256,1828,"4-2020"
756,"Apple","iPhone SE 2020 256GB Slim Box White (MHGX3)","iOS",450,16104,15220,18003,15,4.7,256,1828,"11-2020"
757,"Apple","iPhone SE 2020 64GB Black (MX9R2/MX9N2)","iOS",1208,13806,10299,16037,105,4.7,64,1828,"4-2020"
758,"Apple","iPhone SE 2020 64GB Slim Box Black (MHGP3)","iOS",858,14142,12224,16999,27,4.7,64,1828,"11-2020"
759,"Apple","iPhone SE 32GB Space Grey (MP822)","iOS",887,7991,4949,9941,11,4,32,1624,"3-2017"
760,"Apple","iPhone SE 64GB Space Gray (MLM62)","iOS",770,7328,5190,10959,3,4,64,1624,"3-2016"
761,"Apple","iPhone SE 64GB Space Gray (MLM62)","iOS",768,7328,5190,10959,3,4,64,1624,"3-2016"
762,"Apple","iPhone X 256GB Silver (MQAG2)","iOS",1186,18713,9835,23113,43,5.8,256,2716,"9-2017"
763,"Apple","iPhone X 64GB Space Gray (MQAC2)","iOS",1212,14185,11000,21113,25,5.8,64,2716,"9-2017"
764,"Apple","iPhone XR 128GB Black (MRY92)","iOS",1166,19050,13580,22520,102,6.1,128,2942,"9-2018"
765,"Apple","iPhone XR 128GB Slim Box Black (MH7L3)","iOS",729,19810,17680,22999,27,6.1,128,2942,"11-2020"
766,"Apple","iPhone XR 256GB Black (MRYJ2)","iOS",852,21688,15281,28489,41,6.1,256,2942,"9-2018"
767,"Apple","iPhone XR 64GB Black (MRY42)","iOS",1218,16938,12049,19870,125,6.1,64,2942,"9-2018"
768,"Apple","iPhone XR 64GB Slim Box Black (MH6M3)","iOS",843,17977,16046,20999,24,6.1,64,2942,"11-2020"
769,"Apple","iPhone XR Dual Sim 128GB Black (MT192)","iOS",765,22520,18399,24855,15,6.1,128,2942,"11-2018"
770,"Apple","iPhone XR Dual Sim 64GB Black (MT122)","iOS",695,20143,16862,22849,26,6.1,64,2942,"11-2018"
771,"Apple","iPhone XS 256GB Gold (MT9K2)","iOS",1126,21463,15281,25617,68,5.8,256,2568,"9-2018"
772,"Apple","iPhone XS 512GB Silver (MT9M2)","iOS",803,22842,17832,27500,62,5.8,512,2568,"9-2018"
773,"Apple","iPhone XS 64GB Space Gray (MT9E2)","iOS",1187,19790,12505,23928,53,5.8,64,2568,"9-2018"
774,"Apple","iPhone XS Max 256GB Gold (MT552)","iOS",1128,24184,18399,30600,37,6.5,256,3174,"9-2018"
775,"Apple","iPhone XS Max 512GB Space Gray (MT622)","iOS",842,27190,21150,30200,47,6.5,512,3174,"9-2018"
776,"Apple","iPhone XS Max 64GB Gold (MT522)","iOS",1101,22685,16018,27900,61,6.5,64,3174,"9-2018"
777,"Apple","iPhone XS Max Dual Sim 64GB Gold (MT732)","iOS",530,24600,21939,33720,28,6.5,64,3174,"9-2018"
778,"HUAWEI","nova 5T 6/128GB Black (51094MEU)","Android",1174,8804,7999,9999,18,6.26,128,3750,"11-2019"
779,"ZTE","nubia Red Magic 5G 8/128GB Black","Android",752,18755,18500,19010,2,6.65,128,4500,"10-2020"
